cm,ds,ms,snr,speed_band,nmse,published_nmse,diff,ours_favoured
B,5e-08,3.0,0.0,le10,0.09648193499999999,0.067557735,0.028924199999999997,False
B,5e-08,3.0,5.0,le10,0.0511375525,0.03914986,0.011987692500000001,False
B,5e-08,3.0,10.0,le10,0.034228175,0.0258650075,0.008363167500000001,False
B,5e-08,3.0,15.0,le10,0.0263644975,0.0200043625,0.006360134999999999,False
B,5e-08,3.0,20.0,le10,0.023346147499999997,0.017456305,0.005889842499999999,False
B,5e-08,3.0,25.0,le10,0.022183472500000002,0.0167571275,0.0054263450000000026,False
B,5e-08,6.0,0.0,le10,0.20152065000000002,0.1610342875,0.04048636250000001,False
B,5e-08,6.0,5.0,le10,0.13144772999999998,0.11292824,0.018519489999999986,False
B,5e-08,6.0,10.0,le10,0.0987755225,0.091294265,0.007481257500000005,False
B,5e-08,6.0,15.0,le10,0.083921635,0.07673133,0.007190304999999994,False
B,5e-08,6.0,20.0,le10,0.07807923,0.0712612175,0.006818012499999998,False
B,5e-08,6.0,25.0,le10,0.07651509,0.06965831,0.006856779999999993,False
B,5e-08,9.0,0.0,le10,0.29628661,0.2496892025,0.04659740749999999,False
B,5e-08,9.0,5.0,le10,0.21917691500000003,0.2004849875,0.01869192750000004,False
B,5e-08,9.0,10.0,le10,0.181391465,0.1698426925,0.011548772499999999,False
B,5e-08,9.0,15.0,le10,0.1669592225,0.1543122425,0.012646980000000002,False
B,5e-08,9.0,20.0,le10,0.161148515,0.14932361,0.011824904999999997,False
B,5e-08,9.0,25.0,le10,0.1592882625,0.147726025,0.011562237499999989,False
B,5e-08,12.0,0.0,10to30,0.39553626499999994,0.38029465,0.01524161499999993,False
B,5e-08,12.0,5.0,10to30,0.3204978325,0.3239227725,-0.0034249399999999874,True
B,5e-08,12.0,10.0,10to30,0.2891515375,0.2960499649999999,-0.006898427499999915,True
B,5e-08,12.0,15.0,10to30,0.2756255875,0.2846653349999999,-0.009039747499999917,True
B,5e-08,12.0,20.0,10to30,0.2716407,0.2825731525,-0.010932452499999967,True
B,5e-08,12.0,25.0,10to30,0.27031562,0.2812914725,-0.010975852499999994,True
B,5e-08,15.0,0.0,10to30,0.47459671000000003,0.49235038,-0.017753669999999944,True
B,5e-08,15.0,5.0,10to30,0.4085294025,0.430630505,-0.02210110249999997,True
B,5e-08,15.0,10.0,10to30,0.38386917,0.417733265,-0.03386409500000004,True
B,5e-08,15.0,15.0,10to30,0.37807832249999995,0.4114267175,-0.03334839500000003,True
B,5e-08,15.0,20.0,10to30,0.37558882,0.4092636424999999,-0.033674822499999923,True
B,5e-08,15.0,25.0,10to30,0.3745872525,0.4093135625,-0.03472630999999998,True
B,5e-08,18.0,0.0,10to30,0.662231505,0.7311230599999999,-0.06889155499999988,True
B,5e-08,18.0,5.0,10to30,0.5926811224999999,0.66694283,-0.07426170750000005,True
B,5e-08,18.0,10.0,10to30,0.569650265,0.6422724275,-0.07262216249999998,True
B,5e-08,18.0,15.0,10to30,0.5650612775,0.6312569075,-0.06619562999999995,True
B,5e-08,18.0,20.0,10to30,0.5623663525,0.630993115,-0.0686267625,True
B,5e-08,18.0,25.0,10to30,0.5616331775,0.629612655,-0.0679794775,True
B,5e-08,21.0,0.0,10to30,0.7158482325000001,0.7680483174999999,-0.05220008499999984,True
B,5e-08,21.0,5.0,10to30,0.65181192,0.7222550375,-0.07044311749999999,True
B,5e-08,21.0,10.0,10to30,0.6330114525,0.6910257399999999,-0.05801428749999993,True
B,5e-08,21.0,15.0,10to30,0.62786081,0.6810870025,-0.053226192499999936,True
B,5e-08,21.0,20.0,10to30,0.626408225,0.6812136200000001,-0.054805395000000034,True
B,5e-08,21.0,25.0,10to30,0.62656139,0.680065205,-0.05350381500000001,True
B,5e-08,24.0,0.0,10to30,0.712275365,0.7367395999999999,-0.024464234999999945,True
B,5e-08,24.0,5.0,10to30,0.63816878,0.6824841675,-0.04431538749999997,True
B,5e-08,24.0,10.0,10to30,0.6175500300000001,0.6642455899999999,-0.04669555999999986,True
B,5e-08,24.0,15.0,10to30,0.6118576250000001,0.658371275,-0.04651364999999996,True
B,5e-08,24.0,20.0,10to30,0.61120304,0.6545933,-0.043390260000000014,True
B,5e-08,24.0,25.0,10to30,0.6106794275,0.6556463425,-0.04496691499999994,True
B,5e-08,27.0,0.0,10to30,0.755671255,0.88157655,-0.12590529500000003,True
B,5e-08,27.0,5.0,10to30,0.6919739925,0.816754985,-0.12478099249999997,True
B,5e-08,27.0,10.0,10to30,0.673520275,0.8008147175,-0.1272944425,True
B,5e-08,27.0,15.0,10to30,0.6713764875,0.799248715,-0.12787222750000005,True
B,5e-08,27.0,20.0,10to30,0.6715344325,0.7971454175,-0.125610985,True
B,5e-08,27.0,25.0,10to30,0.67146699,0.79810307,-0.12663608000000004,True
B,5e-08,33.0,0.0,gt30,1.0331237,1.043447775,-0.010324074999999988,True
B,5e-08,33.0,5.0,gt30,0.9576121875,0.982987565,-0.025375377499999963,True
B,5e-08,33.0,10.0,gt30,0.9447102875,0.9631369925,-0.018426704999999988,True
B,5e-08,33.0,15.0,gt30,0.940488875,0.962107815,-0.021618939999999975,True
B,5e-08,33.0,20.0,gt30,0.9408601275000001,0.95927044,-0.018410312499999804,True
B,5e-08,33.0,25.0,gt30,0.9406230725,0.96207977,-0.02145669750000001,True
B,5e-08,36.0,0.0,gt30,1.1756562425,1.11638395,0.05927229249999999,False
B,5e-08,36.0,5.0,gt30,1.094477785,1.0465870075,0.047890777499999926,False
B,5e-08,36.0,10.0,gt30,1.0748196399999999,1.0306699325,0.04414970749999991,False
B,5e-08,36.0,15.0,gt30,1.068666825,1.026820525,0.0418463,False
B,5e-08,36.0,20.0,gt30,1.069361215,1.026714175,0.04264704000000008,False
B,5e-08,36.0,25.0,gt30,1.069683175,1.0258101175,0.04387305749999992,False
B,5e-08,42.0,0.0,gt30,1.146989825,1.1132817,0.03370812499999998,False
B,5e-08,42.0,5.0,gt30,1.0804356149999998,1.05759304,0.022842574999999865,False
B,5e-08,42.0,10.0,gt30,1.063981275,1.0419921125,0.021989162499999937,False
B,5e-08,42.0,15.0,gt30,1.062483425,1.04252911,0.01995431499999989,False
B,5e-08,42.0,20.0,gt30,1.0620997925,1.042476075,0.019623717500000026,False
B,5e-08,42.0,25.0,gt30,1.0624089250000002,1.0425013,0.019907625000000095,False
B,2e-07,3.0,0.0,le10,0.09026561999999999,0.0824014875,0.007864132499999996,False
B,2e-07,3.0,5.0,le10,0.055238945,0.0567650524999999,-0.0015261074999999014,True
B,2e-07,3.0,10.0,le10,0.039399544999999994,0.0458331975,-0.006433652500000005,True
B,2e-07,3.0,15.0,le10,0.03192918,0.04081381,-0.008884629999999998,True
B,2e-07,3.0,20.0,le10,0.02890142,0.03875358,-0.009852160000000002,True
B,2e-07,3.0,25.0,le10,0.0279139225,0.0379853025,-0.010071379999999998,True
B,2e-07,6.0,0.0,le10,0.17758886000000002,0.161211425,0.016377435000000024,False
B,2e-07,6.0,5.0,le10,0.12364308500000001,0.1170306375,0.006612447500000007,False
B,2e-07,6.0,10.0,le10,0.0955876225,0.0949668625,0.000620759999999998,False
B,2e-07,6.0,15.0,le10,0.08193706749999999,0.08459195,-0.002654882500000011,True
B,2e-07,6.0,20.0,le10,0.0768434675,0.079711115,-0.0028676475000000007,True
B,2e-07,6.0,25.0,le10,0.07483173,0.0780261699999999,-0.0031944399999998957,True
B,2e-07,9.0,0.0,le10,0.2630778575,0.239341865,0.023735992500000025,False
B,2e-07,9.0,5.0,le10,0.1995140775,0.1876413325,0.01187274499999999,False
B,2e-07,9.0,10.0,le10,0.1668170975,0.160683535,0.006133562500000023,False
B,2e-07,9.0,15.0,le10,0.151275645,0.1460889275,0.005186717499999993,False
B,2e-07,9.0,20.0,le10,0.14582133,0.1398364574999999,0.005984872500000099,False
B,2e-07,9.0,25.0,le10,0.14369753000000002,0.137727315,0.005970215000000029,False
B,2e-07,12.0,0.0,10to30,0.37729696,0.3692406,0.00805636000000004,False
B,2e-07,12.0,5.0,10to30,0.31155439500000004,0.3093134724999999,0.002240922500000131,False
B,2e-07,12.0,10.0,10to30,0.2807384475,0.2800710925,0.0006673549999999806,False
B,2e-07,12.0,15.0,10to30,0.26796377250000003,0.267550485,0.0004132875000000258,False
B,2e-07,12.0,20.0,10to30,0.2632037075,0.26153852,0.0016651874999999983,False
B,2e-07,12.0,25.0,10to30,0.2615274525,0.2598804799999999,0.0016469725000000657,False
B,2e-07,15.0,0.0,10to30,0.426129305,0.4054271375,0.020702167500000035,False
B,2e-07,15.0,5.0,10to30,0.36793670749999996,0.3562332775,0.01170342999999996,False
B,2e-07,15.0,10.0,10to30,0.3414354925,0.33325153,0.008183962499999975,False
B,2e-07,15.0,15.0,10to30,0.3314945475,0.3242916475,0.007202900000000012,False
B,2e-07,15.0,20.0,10to30,0.32799674749999996,0.319860405,0.008136342499999949,False
B,2e-07,15.0,25.0,10to30,0.326738735,0.318485625,0.008253110000000008,False
B,2e-07,18.0,0.0,10to30,0.4897711075,0.4864413125,0.0033297950000000243,False
B,2e-07,18.0,5.0,10to30,0.42963496999999995,0.428349395,0.0012855749999999277,False
B,2e-07,18.0,10.0,10to30,0.40385546,0.40739303,-0.00353756999999999,True
B,2e-07,18.0,15.0,10to30,0.39385069500000003,0.39696674,-0.003116044999999956,True
B,2e-07,18.0,20.0,10to30,0.390541405,0.3952122825,-0.004670877500000004,True
B,2e-07,18.0,25.0,10to30,0.3891822925,0.3936646975,-0.004482404999999967,True
B,2e-07,21.0,0.0,10to30,0.6224086525,0.65414632,-0.031737667499999955,True
B,2e-07,21.0,5.0,10to30,0.5719211175000001,0.59678285,-0.0248617324999999,True
B,2e-07,21.0,10.0,10to30,0.5548166,0.5781311,-0.023314500000000016,True
B,2e-07,21.0,15.0,10to30,0.5489247475000001,0.57269776,-0.023773012499999857,True
B,2e-07,21.0,20.0,10to30,0.547420645,0.570512765,-0.02309212000000005,True
B,2e-07,21.0,25.0,10to30,0.546660795,0.5707306050000001,-0.02406981000000008,True
B,2e-07,24.0,0.0,10to30,0.6563946574999999,0.68270933,-0.02631467250000008,True
B,2e-07,24.0,5.0,10to30,0.6020377325,0.63517145,-0.03313371749999994,True
B,2e-07,24.0,10.0,10to30,0.58349095,0.6212358099999999,-0.03774485999999999,True
B,2e-07,24.0,15.0,10to30,0.5777471925000001,0.61928323,-0.0415360374999999,True
B,2e-07,24.0,20.0,10to30,0.5762007675,0.6183565325,-0.042155764999999956,True
B,2e-07,24.0,25.0,10to30,0.5759681775,0.6183715325,-0.04240335500000003,True
B,2e-07,27.0,0.0,10to30,0.67650254,0.7179068475,-0.041404307500000015,True
B,2e-07,27.0,5.0,10to30,0.6220186624999999,0.66567164,-0.04365297750000008,True
B,2e-07,27.0,10.0,10to30,0.6042601275,0.6497217225,-0.04546159500000002,True
B,2e-07,27.0,15.0,10to30,0.5983419,0.646036505,-0.047694605,True
B,2e-07,27.0,20.0,10to30,0.5967634175,0.6437543525,-0.04699093500000007,True
B,2e-07,27.0,25.0,10to30,0.5963612475000001,0.6442290025,-0.047867754999999956,True
B,2e-07,33.0,0.0,gt30,0.8133980225,0.86087175,-0.04747372750000001,True
B,2e-07,33.0,5.0,gt30,0.7635165325,0.8147815325,-0.051265000000000005,True
B,2e-07,33.0,10.0,gt30,0.751693125,0.8013178425,-0.04962471750000008,True
B,2e-07,33.0,15.0,gt30,0.7489530425,0.797178095,-0.048225052499999976,True
B,2e-07,33.0,20.0,gt30,0.7485149950000001,0.7950978375,-0.04658284249999989,True
B,2e-07,33.0,25.0,gt30,0.74853838,0.7953112675,-0.04677288750000008,True
B,2e-07,36.0,0.0,gt30,0.88102419,0.90766843,-0.026644239999999986,True
B,2e-07,36.0,5.0,gt30,0.8175845474999999,0.858877345,-0.041292797500000145,True
B,2e-07,36.0,10.0,gt30,0.8027051049999999,0.8431029225,-0.040397817500000044,True
B,2e-07,36.0,15.0,gt30,0.7974514349999999,0.8370360975,-0.039584662500000034,True
B,2e-07,36.0,20.0,gt30,0.800041505,0.8363084225,-0.036266917499999995,True
B,2e-07,36.0,25.0,gt30,0.7980160949999999,0.8363447125,-0.03832861750000005,True
B,2e-07,42.0,0.0,gt30,0.9813034924999999,0.9756663,0.005637192499999943,False
B,2e-07,42.0,5.0,gt30,0.9285591175000001,0.92418144,0.004377677500000066,False
B,2e-07,42.0,10.0,gt30,0.9129211500000001,0.9092598575,0.003661292500000024,False
B,2e-07,42.0,15.0,gt30,0.9098319899999999,0.8994921874999999,0.010339802499999995,False
B,2e-07,42.0,20.0,gt30,0.9095117399999999,0.899066425,0.0104453149999999,False
B,2e-07,42.0,25.0,gt30,0.9091188324999999,0.8984315125,0.010687319999999945,False
B,4e-07,3.0,0.0,le10,0.1004867975,0.1859627,-0.0854759025,True
B,4e-07,3.0,5.0,le10,0.06730172749999999,0.16317898,-0.09587725250000001,True
B,4e-07,3.0,10.0,le10,0.052418337499999995,0.1534117875,-0.10099345000000001,True
B,4e-07,3.0,15.0,le10,0.0452603375,0.1493123075,-0.10405197,True
B,4e-07,3.0,20.0,le10,0.042241575,0.14751103,-0.10526945499999998,True
B,4e-07,3.0,25.0,le10,0.04116854,0.14688515,-0.10571660999999999,True
B,4e-07,6.0,0.0,le10,0.17231424499999998,0.246184755,-0.07387051000000003,True
B,4e-07,6.0,5.0,le10,0.12569571999999998,0.2092541975,-0.0835584775,True
B,4e-07,6.0,10.0,le10,0.101577415,0.1915816825,-0.09000426749999998,True
B,4e-07,6.0,15.0,le10,0.090006435,0.181894095,-0.09188766000000001,True
B,4e-07,6.0,20.0,le10,0.08506567500000001,0.17803775,-0.09297207499999999,True
B,4e-07,6.0,25.0,le10,0.08367634,0.17671021,-0.09303387,True
B,4e-07,9.0,0.0,le10,0.2565283825,0.311924595,-0.05539621250000004,True
B,4e-07,9.0,5.0,le10,0.19924461999999998,0.2661637225,-0.0669191025,True
B,4e-07,9.0,10.0,le10,0.1690764775,0.24149418,-0.07241770250000001,True
B,4e-07,9.0,15.0,le10,0.1560474175,0.2315282625,-0.07548084499999999,True
B,4e-07,9.0,20.0,le10,0.15114843,0.2261085325,-0.07496010249999999,True
B,4e-07,9.0,25.0,le10,0.14949330249999998,0.2247193225,-0.07522602000000003,True
B,4e-07,12.0,0.0,10to30,0.328432505,0.3891364075,-0.06070390250000002,True
B,4e-07,12.0,5.0,10to30,0.27627921749999995,0.34135806,-0.06507884250000007,True
B,4e-07,12.0,10.0,10to30,0.24860808499999998,0.3171327225,-0.06852463750000004,True
B,4e-07,12.0,15.0,10to30,0.23591873749999998,0.3085346399999999,-0.07261590249999994,True
B,4e-07,12.0,20.0,10to30,0.231512655,0.3034616125,-0.07194895749999997,True
B,4e-07,12.0,25.0,10to30,0.229933245,0.3020400199999999,-0.0721067749999999,True
B,4e-07,15.0,0.0,10to30,0.4237758175,0.477658985,-0.053883167499999995,True
B,4e-07,15.0,5.0,10to30,0.37407323000000003,0.43073959,-0.05666635999999997,True
B,4e-07,15.0,10.0,10to30,0.35134839,0.4090300325,-0.05768164249999996,True
B,4e-07,15.0,15.0,10to30,0.34141694749999996,0.4012298825,-0.05981293500000007,True
B,4e-07,15.0,20.0,10to30,0.3383361425,0.3984577425,-0.0601216,True
B,4e-07,15.0,25.0,10to30,0.3370737025,0.3979888325,-0.060915129999999984,True
B,4e-07,18.0,0.0,10to30,0.49787427,0.5490402325,-0.051165962499999995,True
B,4e-07,18.0,5.0,10to30,0.44928724999999997,0.501528025,-0.05224077500000007,True
B,4e-07,18.0,10.0,10to30,0.426828075,0.484260255,-0.05743218,True
B,4e-07,18.0,15.0,10to30,0.41772123250000004,0.4761566175,-0.05843538499999995,True
B,4e-07,18.0,20.0,10to30,0.414763185,0.473166375,-0.058403189999999994,True
B,4e-07,18.0,25.0,10to30,0.413571055,0.473362585,-0.05979152999999998,True
B,4e-07,21.0,0.0,10to30,0.5215978525,0.5725949,-0.0509970475,True
B,4e-07,21.0,5.0,10to30,0.47630806249999996,0.5245890775,-0.04828101499999998,True
B,4e-07,21.0,10.0,10to30,0.455674825,0.5064795525,-0.05080472749999998,True
B,4e-07,21.0,15.0,10to30,0.4476052625,0.49930238,-0.0516971175,True
B,4e-07,21.0,20.0,10to30,0.444950815,0.4983177075,-0.053366892499999985,True
B,4e-07,21.0,25.0,10to30,0.44406947750000003,0.49828235,-0.05421287249999995,True
B,4e-07,24.0,0.0,10to30,0.601714155,0.6600818175000001,-0.05836766250000003,True
B,4e-07,24.0,5.0,10to30,0.5609428799999999,0.624193625,-0.06325074500000005,True
B,4e-07,24.0,10.0,10to30,0.5436266700000001,0.607832915,-0.06420624499999994,True
B,4e-07,24.0,15.0,10to30,0.5372720550000001,0.6025007800000001,-0.06522872499999999,True
B,4e-07,24.0,20.0,10to30,0.535356155,0.600757395,-0.06540124000000003,True
B,4e-07,24.0,25.0,10to30,0.53455566,0.6007943625,-0.06623870249999997,True
B,4e-07,27.0,0.0,10to30,0.6533649349999999,0.7441911575,-0.09082622250000005,True
B,4e-07,27.0,5.0,10to30,0.6080696999999999,0.70104795,-0.09297825000000004,True
B,4e-07,27.0,10.0,10to30,0.593006165,0.6886147,-0.095608535,True
B,4e-07,27.0,15.0,10to30,0.5872006825,0.6831778775,-0.09597719500000002,True
B,4e-07,27.0,20.0,10to30,0.585773425,0.6823651475,-0.09659172250000003,True
B,4e-07,27.0,25.0,10to30,0.5852147025,0.6825360975,-0.09732139500000003,True
B,4e-07,33.0,0.0,gt30,0.8103573675000001,0.8337107575,-0.02335338999999992,True
B,4e-07,33.0,5.0,gt30,0.7679898700000001,0.7965259325,-0.02853606249999996,True
B,4e-07,33.0,10.0,gt30,0.755545125,0.78660585,-0.03106072500000001,True
B,4e-07,33.0,15.0,gt30,0.7520758375000001,0.78347225,-0.031396412499999915,True
B,4e-07,33.0,20.0,gt30,0.7505134099999999,0.782699705,-0.03218629500000003,True
B,4e-07,33.0,25.0,gt30,0.7502755475,0.78242328,-0.032147732500000026,True
B,4e-07,36.0,0.0,gt30,0.8519164475000001,0.9112459,-0.05932945249999999,True
B,4e-07,36.0,5.0,gt30,0.8043448424999999,0.87673395,-0.07238910750000005,True
B,4e-07,36.0,10.0,gt30,0.7922411775,0.8652217,-0.07298052249999998,True
B,4e-07,36.0,15.0,gt30,0.787626835,0.8591378325000001,-0.07151099750000012,True
B,4e-07,36.0,20.0,gt30,0.7866298549999999,0.859058935,-0.07242908000000003,True
B,4e-07,36.0,25.0,gt30,0.786111505,0.8586940750000001,-0.07258257000000001,True
B,4e-07,42.0,0.0,gt30,0.950445375,0.93105745,0.019387925000000084,False
B,4e-07,42.0,5.0,gt30,0.8946846025,0.89752345,-0.0028388474999999636,True
B,4e-07,42.0,10.0,gt30,0.8791548549999999,0.8820689374999999,-0.002914082500000026,True
B,4e-07,42.0,15.0,gt30,0.8738983,0.8802372975,-0.006338997499999999,True
B,4e-07,42.0,20.0,gt30,0.87231478,0.87923545,-0.006920670000000073,True
B,4e-07,42.0,25.0,gt30,0.8720334875,0.878906075,-0.006872587499999971,True
E,5e-08,3.0,0.0,le10,0.027018399999999998,0.024742515,0.0022758849999999983,False
E,5e-08,3.0,5.0,le10,0.011445340000000002,0.0165944675,-0.0051491275,True
E,5e-08,3.0,10.0,le10,0.0072246025,0.0147533425,-0.007528740000000001,True
E,5e-08,3.0,15.0,le10,0.005541595,0.0130841725,-0.0075425775,True
E,5e-08,3.0,20.0,le10,0.0049241575,0.0119332875,-0.007009130000000001,True
E,5e-08,3.0,25.0,le10,0.004712645,0.01141612,-0.006703475,True
E,5e-08,6.0,0.0,le10,0.0399709675,0.0332438675,0.0067271,False
E,5e-08,6.0,5.0,le10,0.01968205,0.0205294424999999,-0.0008473924999999015,True
E,5e-08,6.0,10.0,le10,0.012955930000000001,0.0163681225,-0.0034121924999999977,True
E,5e-08,6.0,15.0,le10,0.0105519325,0.014014615,-0.0034626824999999996,True
E,5e-08,6.0,20.0,le10,0.00970447,0.0127469675,-0.0030424974999999996,True
E,5e-08,6.0,25.0,le10,0.009458560000000001,0.0122415399999999,-0.0027829799999998985,True
E,5e-08,9.0,0.0,le10,0.05110509,0.0398710325,0.011234057499999998,False
E,5e-08,9.0,5.0,le10,0.02763027,0.0253500325,0.002280237499999997,False
E,5e-08,9.0,10.0,le10,0.0194886575,0.0211357475,-0.0016470900000000004,True
E,5e-08,9.0,15.0,le10,0.016947339999999998,0.0188133175,-0.001865977500000001,True
E,5e-08,9.0,20.0,le10,0.016303895,0.0174796125,-0.0011757174999999995,True
E,5e-08,9.0,25.0,le10,0.0161175475,0.01706375,-0.0009462024999999999,True
E,5e-08,12.0,0.0,10to30,0.06310862,0.0460638175,0.017044802500000004,False
E,5e-08,12.0,5.0,10to30,0.0374204875,0.029037355,0.008383132500000001,False
E,5e-08,12.0,10.0,10to30,0.0295305025,0.0237577175,0.005772784999999999,False
E,5e-08,12.0,15.0,10to30,0.026970300000000003,0.02155977,0.005410530000000004,False
E,5e-08,12.0,20.0,10to30,0.02652128,0.0206058475,0.0059154325000000015,False
E,5e-08,12.0,25.0,10to30,0.0264468375,0.02025508,0.006191757499999999,False
E,5e-08,15.0,0.0,10to30,0.080398575,0.0558278975,0.0245706775,False
E,5e-08,15.0,5.0,10to30,0.049549090000000004,0.038738595,0.010810495000000003,False
E,5e-08,15.0,10.0,10to30,0.0400652025,0.0335613075,0.006503895000000003,False
E,5e-08,15.0,15.0,10to30,0.037859762500000005,0.0320320424999999,0.005827720000000106,False
E,5e-08,15.0,20.0,10to30,0.0374275475,0.03133755,0.0060899974999999995,False
E,5e-08,15.0,25.0,10to30,0.0374518375,0.0311975725,0.006254265000000002,False
E,5e-08,18.0,0.0,10to30,0.09125129,0.05950468,0.03174661,False
E,5e-08,18.0,5.0,10to30,0.058627755000000004,0.04178336,0.016844395000000005,False
E,5e-08,18.0,10.0,10to30,0.048874442500000004,0.0375850775,0.011289365000000003,False
E,5e-08,18.0,15.0,10to30,0.046804614999999994,0.0364622599999999,0.010342355000000095,False
E,5e-08,18.0,20.0,10to30,0.046451892499999994,0.0360756599999999,0.010376232500000096,False
E,5e-08,18.0,25.0,10to30,0.0464989975,0.036034375,0.0104646225,False
E,5e-08,21.0,0.0,10to30,0.09722766,0.06416827,0.033059389999999994,False
E,5e-08,21.0,5.0,10to30,0.066006055,0.0462843375,0.019721717499999993,False
E,5e-08,21.0,10.0,10to30,0.055969165,0.0419088875,0.014060277500000003,False
E,5e-08,21.0,15.0,10to30,0.0538719275,0.0407168425,0.013155084999999997,False
E,5e-08,21.0,20.0,10to30,0.05368666,0.040242355,0.013444304999999997,False
E,5e-08,21.0,25.0,10to30,0.0536583325,0.040211545,0.013446787500000001,False
E,5e-08,24.0,0.0,10to30,0.1139516025,0.074682395,0.0392692075,False
E,5e-08,24.0,5.0,10to30,0.079734835,0.05621449,0.023520345000000005,False
E,5e-08,24.0,10.0,10to30,0.069570525,0.0528039125,0.016766612499999993,False
E,5e-08,24.0,15.0,10to30,0.067670145,0.0528034975,0.014866647500000003,False
E,5e-08,24.0,20.0,10to30,0.0673558,0.05280608,0.014549719999999995,False
E,5e-08,24.0,25.0,10to30,0.06745364749999999,0.0529030425,0.014550604999999994,False
E,5e-08,27.0,0.0,10to30,0.11346480249999999,0.0696819775,0.043782824999999984,False
E,5e-08,27.0,5.0,10to30,0.0798939575,0.052402955,0.0274910025,False
E,5e-08,27.0,10.0,10to30,0.07036431500000001,0.05012609,0.020238225000000012,False
E,5e-08,27.0,15.0,10to30,0.06871079,0.0497794624999999,0.018931327500000095,False
E,5e-08,27.0,20.0,10to30,0.06852079,0.0496521375,0.0188686525,False
E,5e-08,27.0,25.0,10to30,0.068471415,0.04978054,0.018690874999999996,False
E,5e-08,33.0,0.0,gt30,0.1354881075,0.0841110525,0.051377055000000005,False
E,5e-08,33.0,5.0,gt30,0.10263041,0.065798635,0.03683177500000001,False
E,5e-08,33.0,10.0,gt30,0.09420843749999999,0.0633160175,0.03089241999999999,False
E,5e-08,33.0,15.0,gt30,0.09270076,0.063192945,0.029507814999999993,False
E,5e-08,33.0,20.0,gt30,0.09269067750000001,0.0638241725,0.028866505000000015,False
E,5e-08,33.0,25.0,gt30,0.09271984,0.0640046125,0.028715227499999996,False
E,5e-08,36.0,0.0,gt30,0.13952225,0.0837181675,0.05580408249999999,False
E,5e-08,36.0,5.0,gt30,0.1059813725,0.0667405024999999,0.03924087000000011,False
E,5e-08,36.0,10.0,gt30,0.09763469999999999,0.06482971,0.03280498999999999,False
E,5e-08,36.0,15.0,gt30,0.0966659475,0.06523862,0.031427327500000005,False
E,5e-08,36.0,20.0,gt30,0.0967621825,0.0654097475,0.031352435,False
E,5e-08,36.0,25.0,gt30,0.09701937,0.065781165,0.03123820499999999,False
E,5e-08,42.0,0.0,gt30,0.14160312,0.0897476175,0.0518555025,False
E,5e-08,42.0,5.0,gt30,0.1115727475,0.07126687,0.040305877500000004,False
E,5e-08,42.0,10.0,gt30,0.10365463,0.06832228,0.03533235,False
E,5e-08,42.0,15.0,gt30,0.1018424125,0.06791885,0.033923562500000004,False
E,5e-08,42.0,20.0,gt30,0.10155998,0.06829999,0.03325998999999999,False
E,5e-08,42.0,25.0,gt30,0.10150357,0.0686473075,0.0328562625,False
E,2e-07,3.0,0.0,le10,0.034515512500000005,0.041502385,-0.006986872499999998,True
E,2e-07,3.0,5.0,le10,0.018843167499999997,0.0328258675,-0.013982700000000004,True
E,2e-07,3.0,10.0,le10,0.0143796025,0.02948099,-0.015101387499999999,True
E,2e-07,3.0,15.0,le10,0.012464145,0.0278331175,-0.015368972500000001,True
E,2e-07,3.0,20.0,le10,0.0116833075,0.026837795,-0.015154487500000001,True
E,2e-07,3.0,25.0,le10,0.0113957325,0.026469665,-0.0150739325,True
E,2e-07,6.0,0.0,le10,0.046863055,0.04638384,0.0004792149999999981,False
E,2e-07,6.0,5.0,le10,0.0267608675,0.034116215,-0.007355347499999998,True
E,2e-07,6.0,10.0,le10,0.020172965,0.0305643325,-0.010391367499999998,True
E,2e-07,6.0,15.0,le10,0.017669755,0.0282799725,-0.010610217500000001,True
E,2e-07,6.0,20.0,le10,0.016695715,0.0271298675,-0.010434152500000002,True
E,2e-07,6.0,25.0,le10,0.0163708875,0.0265400849999999,-0.0101691974999999,True
E,2e-07,9.0,0.0,le10,0.055929955,0.0478393075,0.008090647500000006,False
E,2e-07,9.0,5.0,le10,0.0335194975,0.0357697025,-0.002250204999999998,True
E,2e-07,9.0,10.0,le10,0.026476732500000003,0.0320039575,-0.005527224999999997,True
E,2e-07,9.0,15.0,le10,0.02382475,0.0300524625,-0.0062277125,True
E,2e-07,9.0,20.0,le10,0.02300529,0.0291309999999999,-0.006125709999999899,True
E,2e-07,9.0,25.0,le10,0.022769745,0.0286930725,-0.005923327499999999,True
E,2e-07,12.0,0.0,10to30,0.0628023375,0.0524421225,0.010360214999999999,False
E,2e-07,12.0,5.0,10to30,0.038475535,0.03952877,-0.0010532349999999996,True
E,2e-07,12.0,10.0,10to30,0.03140205,0.035287635,-0.003885584999999997,True
E,2e-07,12.0,15.0,10to30,0.029203365,0.0329549075,-0.0037515425,True
E,2e-07,12.0,20.0,10to30,0.028495177499999996,0.0318371675,-0.003341990000000003,True
E,2e-07,12.0,25.0,10to30,0.028328317500000002,0.0313451625,-0.0030168450000000006,True
E,2e-07,15.0,0.0,10to30,0.0778938475,0.05853193,0.0193619175,False
E,2e-07,15.0,5.0,10to30,0.04965435,0.043759435,0.005894915000000001,False
E,2e-07,15.0,10.0,10to30,0.040699665,0.0386846825,0.002014982500000005,False
E,2e-07,15.0,15.0,10to30,0.0381961,0.0366493275,0.0015467724999999946,False
E,2e-07,15.0,20.0,10to30,0.0376250525,0.0356918249999999,0.0019332275000000995,False
E,2e-07,15.0,25.0,10to30,0.037504527499999996,0.035274175,0.0022303524999999977,False
E,2e-07,18.0,0.0,10to30,0.0854487025,0.060791305,0.024657397500000004,False
E,2e-07,18.0,5.0,10to30,0.05405805250000001,0.045675135,0.00838291750000001,False
E,2e-07,18.0,10.0,10to30,0.0438255275,0.040647425,0.003178102500000002,False
E,2e-07,18.0,15.0,10to30,0.041057344999999995,0.038587645,0.0024696999999999983,False
E,2e-07,18.0,20.0,10to30,0.0404157125,0.037583305,0.002832407500000002,False
E,2e-07,18.0,25.0,10to30,0.040274615,0.0372240825,0.0030505325000000014,False
E,2e-07,21.0,0.0,10to30,0.09364223999999999,0.06086034,0.03278189999999999,False
E,2e-07,21.0,5.0,10to30,0.060491245,0.04695606,0.013535184999999998,False
E,2e-07,21.0,10.0,10to30,0.050943270000000006,0.0427576,0.008185670000000006,False
E,2e-07,21.0,15.0,10to30,0.048753535,0.041007915,0.007745620000000002,False
E,2e-07,21.0,20.0,10to30,0.048335727499999995,0.040196495,0.008139232499999996,False
E,2e-07,21.0,25.0,10to30,0.04833311,0.03993964,0.00839347,False
E,2e-07,24.0,0.0,10to30,0.1009173675,0.064950545,0.035966822499999995,False
E,2e-07,24.0,5.0,10to30,0.0668516275,0.0502539725,0.016597654999999996,False
E,2e-07,24.0,10.0,10to30,0.0563768075,0.0466531175,0.00972369,False
E,2e-07,24.0,15.0,10to30,0.05386716750000001,0.04531066,0.008556507500000005,False
E,2e-07,24.0,20.0,10to30,0.053638105000000005,0.044762945,0.008875160000000007,False
E,2e-07,24.0,25.0,10to30,0.0535473525,0.044687555,0.008859797500000002,False
E,2e-07,27.0,0.0,10to30,0.10718103500000001,0.0696503325,0.03753070250000001,False
E,2e-07,27.0,5.0,10to30,0.0722286025,0.05482595,0.017402652500000004,False
E,2e-07,27.0,10.0,10to30,0.06176989499999999,0.051308135,0.010461759999999994,False
E,2e-07,27.0,15.0,10to30,0.05973892,0.05014799,0.009590929999999998,False
E,2e-07,27.0,20.0,10to30,0.059226755,0.04961766,0.009609094999999998,False
E,2e-07,27.0,25.0,10to30,0.0592073475,0.049451045,0.009756302500000001,False
E,2e-07,33.0,0.0,gt30,0.11174128,0.06868342,0.04305786,False
E,2e-07,33.0,5.0,gt30,0.0778974175,0.0543584825,0.023538934999999997,False
E,2e-07,33.0,10.0,gt30,0.0678715325,0.051735285,0.0161362475,False
E,2e-07,33.0,15.0,gt30,0.0659697025,0.050813365,0.015156337500000006,False
E,2e-07,33.0,20.0,gt30,0.06567400999999999,0.0506153425,0.01505866749999999,False
E,2e-07,33.0,25.0,gt30,0.065669955,0.0505889125,0.015081042500000003,False
E,2e-07,36.0,0.0,gt30,0.1155708875,0.0738252525,0.041745635,False
E,2e-07,36.0,5.0,gt30,0.0799838325,0.0584664149999999,0.021517417500000108,False
E,2e-07,36.0,10.0,gt30,0.06884099,0.0551864125,0.013654577500000008,False
E,2e-07,36.0,15.0,gt30,0.066214025,0.0541119475,0.012102077499999996,False
E,2e-07,36.0,20.0,gt30,0.06588992,0.05383559,0.012054330000000002,False
E,2e-07,36.0,25.0,gt30,0.06587731999999999,0.0537243725,0.01215294749999999,False
E,2e-07,42.0,0.0,gt30,0.12294750000000002,0.0785914475,0.04435605250000002,False
E,2e-07,42.0,5.0,gt30,0.087972955,0.06379809,0.024174865000000004,False
E,2e-07,42.0,10.0,gt30,0.07756416,0.060594415,0.016969744999999994,False
E,2e-07,42.0,15.0,gt30,0.0755275825,0.0601872725,0.015340309999999996,False
E,2e-07,42.0,20.0,gt30,0.0751882,0.0601744549999999,0.015013745000000099,False
E,2e-07,42.0,25.0,gt30,0.07522763,0.0600875575,0.015140072500000004,False
E,4e-07,3.0,0.0,le10,0.0390836425,0.0419460475,-0.0028624049999999984,True
E,4e-07,3.0,5.0,le10,0.02250915,0.0340452075,-0.011536057500000002,True
E,4e-07,3.0,10.0,le10,0.017705352499999997,0.0324261125,-0.014720760000000003,True
E,4e-07,3.0,15.0,le10,0.015767722499999998,0.03082301,-0.015055287500000004,True
E,4e-07,3.0,20.0,le10,0.014922885,0.0298590699999999,-0.0149361849999999,True
E,4e-07,3.0,25.0,le10,0.0146058725,0.0294131675,-0.014807295,True
E,4e-07,6.0,0.0,le10,0.053933845,0.050179175,0.0037546700000000016,False
E,4e-07,6.0,5.0,le10,0.03196272,0.0385798775,-0.006617157499999998,True
E,4e-07,6.0,10.0,le10,0.025242809999999997,0.0360035425,-0.010760732500000002,True
E,4e-07,6.0,15.0,le10,0.022956735,0.03414423,-0.011187494999999999,True
E,4e-07,6.0,20.0,le10,0.0219921225,0.03294219,-0.010950067500000004,True
E,4e-07,6.0,25.0,le10,0.02173266,0.0323537325,-0.010621072500000002,True
E,4e-07,9.0,0.0,le10,0.06407354750000001,0.0526732625,0.01140028500000001,False
E,4e-07,9.0,5.0,le10,0.0385467525,0.04017793,-0.0016311774999999973,True
E,4e-07,9.0,10.0,le10,0.0310603125,0.0371162425,-0.006055930000000001,True
E,4e-07,9.0,15.0,le10,0.0285265025,0.03543809,-0.0069115875,True
E,4e-07,9.0,20.0,le10,0.0277272675,0.03435343,-0.006626162499999998,True
E,4e-07,9.0,25.0,le10,0.02747038,0.0339333599999999,-0.0064629799999998995,True
E,4e-07,12.0,0.0,10to30,0.07782884749999999,0.0536215275,0.02420731999999999,False
E,4e-07,12.0,5.0,10to30,0.04819774,0.040822105,0.007375635000000005,False
E,4e-07,12.0,10.0,10to30,0.0389583525,0.037438555,0.001519797500000003,False
E,4e-07,12.0,15.0,10to30,0.0364410825,0.03561042,0.0008306625000000026,False
E,4e-07,12.0,20.0,10to30,0.0357693025,0.034745575,0.0010237275000000018,False
E,4e-07,12.0,25.0,10to30,0.03561773,0.0343378875,0.001279842500000003,False
E,4e-07,15.0,0.0,10to30,0.0819567925,0.05834014,0.0236166525,False
E,4e-07,15.0,5.0,10to30,0.050583644999999997,0.044322595,0.006261049999999997,False
E,4e-07,15.0,10.0,10to30,0.0414671,0.041019825,0.000447274999999997,False
E,4e-07,15.0,15.0,10to30,0.03911162,0.039384275,-0.0002726550000000036,True
E,4e-07,15.0,20.0,10to30,0.0386667075,0.0384951525,0.0001715550000000038,False
E,4e-07,15.0,25.0,10to30,0.03864207,0.0381662275,0.00047584250000000383,False
E,4e-07,18.0,0.0,10to30,0.085964385,0.05752532,0.028439065000000006,False
E,4e-07,18.0,5.0,10to30,0.0540417725,0.04401445,0.010027322500000005,False
E,4e-07,18.0,10.0,10to30,0.04420776,0.0406557725,0.0035519874999999992,False
E,4e-07,18.0,15.0,10to30,0.041701327499999996,0.03922114,0.0024801874999999945,False
E,4e-07,18.0,20.0,10to30,0.04129494,0.03857342,0.002721520000000005,False
E,4e-07,18.0,25.0,10to30,0.0412749725,0.038313415,0.0029615574999999963,False
E,4e-07,21.0,0.0,10to30,0.0969296725,0.06349735,0.0334323225,False
E,4e-07,21.0,5.0,10to30,0.062992165,0.0497144275,0.013277737500000004,False
E,4e-07,21.0,10.0,10to30,0.0532309775,0.04679144,0.006439537500000002,False
E,4e-07,21.0,15.0,10to30,0.0508134525,0.0456888575,0.005124595000000003,False
E,4e-07,21.0,20.0,10to30,0.0505256625,0.0452015425,0.005324120000000002,False
E,4e-07,21.0,25.0,10to30,0.050426587499999995,0.0449604425,0.005466144999999992,False
E,4e-07,24.0,0.0,10to30,0.105584295,0.0668861,0.03869819499999999,False
E,4e-07,24.0,5.0,10to30,0.070212585,0.0528143025,0.017398282499999994,False
E,4e-07,24.0,10.0,10to30,0.05996452000000001,0.04962991,0.010334610000000008,False
E,4e-07,24.0,15.0,10to30,0.057587940000000004,0.048667545,0.008920395000000005,False
E,4e-07,24.0,20.0,10to30,0.0571014775,0.0482186625,0.008882814999999995,False
E,4e-07,24.0,25.0,10to30,0.057093359999999996,0.04810172,0.008991639999999995,False
E,4e-07,27.0,0.0,10to30,0.1060116525,0.0627218175,0.043289835,False
E,4e-07,27.0,5.0,10to30,0.0687357425,0.049729525,0.019006217500000006,False
E,4e-07,27.0,10.0,10to30,0.057915610000000006,0.047050445,0.010865165000000003,False
E,4e-07,27.0,15.0,10to30,0.055661732500000005,0.046293865,0.009367867500000009,False
E,4e-07,27.0,20.0,10to30,0.0553757125,0.04597092,0.009404792500000002,False
E,4e-07,27.0,25.0,10to30,0.055427185,0.0458689699999999,0.009558215000000099,False
E,4e-07,33.0,0.0,gt30,0.11561476749999999,0.07049643,0.045118337499999994,False
E,4e-07,33.0,5.0,gt30,0.0802145225,0.056755805,0.023458717499999997,False
E,4e-07,33.0,10.0,gt30,0.0703545675,0.0538814375,0.01647313000000001,False
E,4e-07,33.0,15.0,gt30,0.0688257125,0.05309717,0.015728542499999998,False
E,4e-07,33.0,20.0,gt30,0.0687815875,0.0529141975,0.015867390000000002,False
E,4e-07,33.0,25.0,gt30,0.0688961725,0.052780505,0.016115667500000007,False
E,4e-07,36.0,0.0,gt30,0.11649576499999999,0.0698803775,0.046615387499999994,False
E,4e-07,36.0,5.0,gt30,0.07862691249999999,0.0557308024999999,0.022896110000000094,False
E,4e-07,36.0,10.0,gt30,0.067259545,0.052980395,0.014279150000000004,False
E,4e-07,36.0,15.0,gt30,0.06491018000000001,0.0521199175,0.01279026250000001,False
E,4e-07,36.0,20.0,gt30,0.06459568,0.0518826,0.012713080000000002,False
E,4e-07,36.0,25.0,gt30,0.064593025,0.05172504,0.012867984999999998,False
E,4e-07,42.0,0.0,gt30,0.1207162825,0.07407472,0.0466415625,False
E,4e-07,42.0,5.0,gt30,0.082926485,0.0604587525,0.022467732499999997,False
E,4e-07,42.0,10.0,gt30,0.0732886375,0.0579082725,0.015380365,False
E,4e-07,42.0,15.0,gt30,0.07141849,0.057505105,0.013913385,False
E,4e-07,42.0,20.0,gt30,0.07117385500000001,0.0574232475,0.013750607500000005,False
E,4e-07,42.0,25.0,gt30,0.071231085,0.057270785,0.013960300000000002,False
