model,cm,ds,ms,is_gen,is_U2D,scenario,noise_type,noise_degree,nmse_mean,nmse_std,mse_mean,mse_std,se_mean,se_std,se0_mean,se0_std
DDK8,A,3e-08,1,False,False,TDD,vanilla,0,[0.0271067  0.03033423 0.03519525 0.03841616],[0.02137386 0.02233409 0.02828026 0.02850567],[4.518142 5.334021 5.945936 6.817337],[0.9959482 1.3302952 1.6960102 2.167938 ],[8.316806 8.312612 8.308497 8.303852],[0.19008018 0.19445838 0.1992453  0.20424946],[8.330993 8.329849 8.328677 8.327478],[0.19007084 0.19461922 0.19951843 0.20474008]
DDK8,A,3e-08,10,False,False,TDD,vanilla,0,[0.07599732 0.12735894 0.1900698  0.27805728],[0.07171308 0.13438822 0.2412995  0.51205814],[ 9.3055   15.815873 25.005955 37.28019 ],[ 2.3353262  5.652332  11.485392  21.472239 ],[8.164392 8.131436 8.084709 8.029998],[0.5669493 0.6413297 0.7187964 0.8007467],[8.202797 8.202787 8.20477  8.210616],[0.5486622  0.603959   0.65337497 0.69756156]
DDK8,A,3e-08,30,False,False,TDD,vanilla,0,[0.25825092 0.41492462 0.6460399  0.8202213 ],[0.5423557 0.4721167 0.6828098 0.676747 ],[ 20.785488  45.28232   90.447586 143.64151 ],[  9.7430935  35.00111    75.757484  125.90088  ],[7.815048  7.6822186 7.4313645 7.073772 ],[1.03362   1.1647886 1.3230978 1.6286345],[7.9305916 7.937528  7.938669  7.9467754],[0.94080913 0.97129947 1.0151565  1.0446168 ]
DDK8,A,1e-07,1,False,False,TDD,vanilla,0,[0.03913195 0.04241107 0.04604762 0.04987313],[0.01492715 0.01485874 0.01789889 0.01996084],[ 8.622928  9.437641  9.974297 10.787512],[3.2585652 3.5369942 3.8004756 4.1868873],[8.236233 8.233594 8.231705 8.229304],[0.51420456 0.5144197  0.5151578  0.51576185],[8.262489 8.263346 8.264196 8.265036],[0.5146195  0.5150341  0.5156064  0.51633507]
DDK8,A,1e-07,10,False,False,TDD,vanilla,0,[0.08722656 0.12838757 0.18720947 0.22876707],[0.06267542 0.10003275 0.20800303 0.17292687],[15.157162 21.648659 30.831161 42.313198],[ 4.820953  8.064793 14.073116 23.529758],[8.081994 8.05211  8.008714 7.957907],[0.6432624  0.6997457  0.761275   0.82445264],[8.144523 8.146372 8.146507 8.145758],[0.6222944 0.6648694 0.7096781 0.7541992]
DDK8,A,1e-07,30,False,False,TDD,vanilla,0,[0.22096641 0.42371377 0.5845439  0.76957947],[0.3088153  0.7316082  0.53409576 0.48715433],[ 31.068192  58.32563  102.55347  151.27908 ],[ 13.158488  45.669506  87.6166   125.4517  ],[7.907194  7.737235  7.3654127 6.962637 ],[1.0800432 1.2231508 1.513106  1.5745689],[8.072836  8.0405245 7.9876432 7.931781 ],[0.9680374 1.0242085 1.0625325 1.0865595]
DDK8,A,3e-07,1,False,False,TDD,vanilla,0,[0.02541078 0.02766789 0.02976155 0.0320575 ],[0.00747032 0.00803822 0.0088092  0.00957716],[5.950284  6.498735  6.9480805 7.507509 ],[1.8649203 1.9619981 2.0423484 2.1373365],[8.185923 8.184136 8.183361 8.181958],[0.35647425 0.3578534  0.3592757  0.36087772],[8.213685 8.214922 8.216152 8.217376],[0.35320455 0.35431996 0.3555505  0.35689354]
DDK8,A,3e-07,10,False,False,TDD,vanilla,0,[0.06711571 0.10278232 0.14546137 0.19902378],[0.0404038  0.07036808 0.09882562 0.14234746],[12.434274 19.083094 28.410463 40.94591 ],[ 4.044459  6.951397 12.123875 20.693443],[8.10479  8.074372 8.032767 7.979665],[0.64380854 0.70678616 0.7729777  0.84181666],[8.171758 8.174995 8.178912 8.18387 ],[0.61714435 0.66222095 0.70273554 0.73701555]
DDK8,A,3e-07,30,False,False,TDD,vanilla,0,[0.1411103  0.2564042  0.4316754  0.60607684],[0.09194937 0.1923046  0.3388338  0.47100815],[ 24.748352  48.213524  89.124626 139.03961 ],[  9.340577  32.18285   65.69039  112.511024],[7.896833  7.791606  7.5693054 7.2271786],[0.9996952 1.1212113 1.3202118 1.6196429],[8.039328 8.043646 8.03752  8.038265],[0.90889144 0.95316565 1.0154774  1.050955  ]
DDK8,C,3e-08,1,False,False,TDD,vanilla,0,[0.04181119 0.04724355 0.05498629 0.06188367],[0.02464977 0.02817899 0.03666988 0.04039564],[5.0737395 5.992939  6.7017126 7.8033824],[0.8025874 1.0246824 1.3009474 1.746015 ],[8.302739 8.299802 8.297125 8.293398],[0.13223799 0.13496903 0.13817401 0.14148386],[8.320241 8.321053 8.321877 8.322711],[0.1314964  0.13392694 0.13672413 0.13986447]
DDK8,C,3e-08,10,False,False,TDD,vanilla,0,[0.10493016 0.19989716 0.35039496 0.46537563],[0.08776474 0.16575801 0.3292138  0.35622984],[11.630664 23.973562 45.235058 73.58311 ],[ 3.7260797 12.325532  29.172892  51.315952 ],[8.163352  8.082727  7.959314  7.7842016],[0.45222363 0.5209553  0.63313645 0.80248106],[8.214156 8.200949 8.206897 8.228696],[0.43586653 0.47545165 0.5107417  0.53240734]
DDK8,C,3e-08,30,False,False,TDD,vanilla,0,[0.33654976 0.73491883 0.91126823 1.0059946 ],[0.29425105 0.5878004  0.7132672  0.62373596],[ 54.364166 131.56851  186.08818  212.81297 ],[ 42.04696 101.59736 118.37192 117.45028],[7.999655  7.4003778 6.7768006 6.468814 ],[0.7171545 1.127008  1.405577  1.490017 ],[8.26459   8.2423935 8.200481  8.146262 ],[0.59722245 0.63432664 0.6843038  0.7340101 ]
DDK8,C,1e-07,1,False,False,TDD,vanilla,0,[0.03465247 0.03867935 0.04221928 0.04673776],[0.01030266 0.01149712 0.01268141 0.0141777 ],[7.2789655 8.135888  8.759636  9.713616 ],[1.2543085 1.4931451 1.7715955 2.1971393],[8.255909 8.250794 8.246699 8.241328],[0.20154144 0.20378405 0.20617312 0.20871581],[8.287666  8.286729  8.285783  8.2848215],[0.20094848 0.20314613 0.20554835 0.20814276]
DDK8,C,1e-07,10,False,False,TDD,vanilla,0,[0.08435139 0.14882953 0.24490882 0.35599262],[0.02834133 0.06531328 0.12855455 0.19205666],[17.425549 31.449627 53.979523 82.827415],[ 5.0797443 16.030725  35.77304   59.36122  ],[8.145957  8.072664  7.9463606 7.761263 ],[0.4196573 0.4684513 0.5299013 0.6170673],[8.228059 8.225114 8.221141 8.218307],[0.4063242  0.44373652 0.4743657  0.49637356]
DDK8,C,1e-07,30,False,False,TDD,vanilla,0,[0.24500467 0.4740558  0.6575241  0.7786066 ],[0.14519636 0.23796268 0.25314718 0.2373825 ],[ 50.968483 114.152824 165.60925  208.75702 ],[ 32.71735  84.45054 111.87659 131.01073],[7.945395  7.5134687 7.0634346 6.5348973],[0.6642354  0.8216291  0.98486286 1.3488672 ],[8.210542 8.202722 8.19268  8.180748],[0.5592177  0.55600965 0.5821842  0.64674735]
DDK8,C,3e-07,1,False,False,TDD,vanilla,0,[0.03277892 0.03550957 0.0378396  0.04070354],[0.00524445 0.0060084  0.00728363 0.0087232 ],[ 8.659181  9.351815  9.900372 10.602115],[1.2459362 1.4073415 1.6268373 1.9116081],[8.277222 8.273658 8.271093 8.26751 ],[0.12796852 0.12942179 0.13122962 0.13342386],[8.30922  8.309395 8.309544 8.309666],[0.12782563 0.12907478 0.13059264 0.132371  ]
DDK8,C,3e-07,10,False,False,TDD,vanilla,0,[0.0824978  0.12985419 0.19675821 0.2755065 ],[0.02516449 0.05047957 0.08638616 0.12338099],[20.58325  32.484097 50.084454 72.24737 ],[ 4.7878857 11.403717  21.519093  34.52161  ],[8.154689  8.082956  7.9792323 7.8443303],[0.35469085 0.40476164 0.46724516 0.5426769 ],[8.250104 8.243475 8.238306 8.233626],[0.33855358 0.37196392 0.40309045 0.43264046]
DDK8,C,3e-07,30,False,False,TDD,vanilla,0,[0.21725343 0.42507    0.58102053 0.6847602 ],[0.12513386 0.23941319 0.26404285 0.24702722],[ 52.470093 110.61465  161.66356  202.55824 ],[ 26.40852  63.84473  80.56912 100.33791],[7.9560313 7.526012  7.1746306 6.80757  ],[0.6525139 1.0301901 1.170956  1.3409644],[8.243394  8.2595005 8.280929  8.2970915],[0.5275148  0.56576973 0.5995795  0.6289665 ]
DDK8,D,3e-08,1,False,False,TDD,vanilla,0,[0.00990682 0.01192817 0.01328739 0.01522392],[0.00193688 0.00278794 0.00349965 0.00446695],[2.89272   3.5006227 3.9025145 4.478624 ],[0.59480685 0.88390535 1.1020808  1.4107378 ],[8.301783 8.298991 8.296979 8.294592],[0.16908886 0.1693945  0.1697307  0.17011279],[8.314398 8.314319 8.314234 8.314145],[0.1689577  0.1692839  0.16965668 0.17007592]
DDK8,D,3e-08,10,False,False,TDD,vanilla,0,[0.02057639 0.03106374 0.04448843 0.05967563],[0.00626635 0.01043545 0.01592561 0.02401511],[ 6.0272107  9.094083  13.092212  17.670542 ],[1.8041749 2.8940287 4.5329957 6.949142 ],[8.289891 8.277085 8.261258 8.245652],[0.22243303 0.2336214  0.24407122 0.25530306],[8.316226 8.317209 8.319232 8.322231],[0.22064124 0.22971565 0.23861213 0.24789669]
DDK8,D,3e-08,30,False,False,TDD,vanilla,0,[0.04006747 0.0743726  0.11963221 0.16616648],[0.01796057 0.04703416 0.07858621 0.10400912],[11.266086 20.574121 33.323338 47.06979 ],[ 4.4217978 12.669301  22.666483  32.415535 ],[8.230846 8.177601 8.118115 8.055993],[0.32682136 0.35616514 0.38496155 0.43684414],[8.279626 8.265633 8.254636 8.245803],[0.3149234  0.33140603 0.3475315  0.37491977]
DDK8,D,1e-07,1,False,False,TDD,vanilla,0,[0.01145607 0.0132859  0.01469659 0.01656683],[0.00200913 0.00255513 0.00310242 0.00377243],[3.4031491 3.9520059 4.3733525 4.9328833],[0.6194831  0.80247885 0.9669531  1.1713213 ],[8.293926 8.291377 8.289725 8.287685],[0.04607788 0.04712612 0.04839014 0.04980572],[8.30858  8.308749 8.308917 8.309082],[0.04570846 0.04691132 0.04821616 0.04961289]
DDK8,D,1e-07,10,False,False,TDD,vanilla,0,[0.02269995 0.03280848 0.0449777  0.05883106],[0.00538991 0.00880468 0.01365793 0.02019671],[ 6.672919  9.642666 13.222128 17.310602],[1.5383552 2.4735563 3.808389  5.6190863],[8.272812 8.259958 8.244227 8.227771],[0.14667417 0.1665836  0.18650566 0.2070146 ],[8.302197 8.302738 8.303449 8.304353],[0.14413556 0.16243479 0.18018848 0.19722274]
DDK8,D,1e-07,30,False,False,TDD,vanilla,0,[0.03878063 0.06584743 0.10370155 0.1469681 ],[0.01464562 0.03290318 0.05670339 0.0947586 ],[11.30265  19.206257 30.128412 42.09382 ],[ 3.7793345  9.269872  14.875588  21.18623  ],[8.259107 8.229663 8.189018 8.147184],[0.30120486 0.33911997 0.38404828 0.4455682 ],[8.307436 8.310596 8.312113 8.31137 ],[0.28931206 0.31602684 0.33770058 0.35521185]
DDK8,D,3e-07,1,False,False,TDD,vanilla,0,[0.01498893 0.01698311 0.01842201 0.02042236],[0.00341229 0.0040708  0.00466538 0.00540518],[4.431239  5.0223894 5.4513445 6.048713 ],[1.0020345 1.1993332 1.3740264 1.592078 ],[8.286158 8.283291 8.28149  8.279191],[0.02266864 0.02434996 0.0261112  0.02807357],[8.304571 8.304598 8.304624 8.304644],[0.02125929 0.02278931 0.02444145 0.02619203]
DDK8,D,3e-07,10,False,False,TDD,vanilla,0,[0.02960017 0.03976344 0.05053329 0.06279117],[0.00878263 0.01087689 0.01464263 0.0194198 ],[ 8.683096 11.686828 14.872348 18.482775],[2.5260909 3.1510303 4.3066115 5.6292615],[8.255901  8.2425585 8.22802   8.213301 ],[0.13846564 0.15845858 0.17859146 0.19965371],[8.291802 8.291453 8.291422 8.291797],[0.13622427 0.15536554 0.17447104 0.193445  ]
DDK8,D,3e-07,30,False,False,TDD,vanilla,0,[0.04301715 0.06314036 0.09442353 0.12809707],[0.01467286 0.02366255 0.04013908 0.05529484],[12.638186 18.54618  27.709455 37.87673 ],[ 3.5766613  6.535148  11.092419  16.56263  ],[8.264798 8.234302 8.193828 8.154389],[0.2673065  0.30089307 0.33910063 0.3680851 ],[8.314291 8.305841 8.296564 8.287483],[0.25759736 0.28634158 0.31637365 0.34177953]
DDK8,A,3e-08,1,False,False,TDD,vanilla,5,[0.01319944 0.01526309 0.01717353 0.01979937],[0.01003163 0.01156406 0.01367695 0.01622845],[2.374867  2.8150253 3.1038482 3.5766394],[0.52173203 0.61899275 0.749057   0.92741317],[8.324848 8.321965 8.319579 8.316483],[0.19014835 0.19471528 0.1996049  0.20487687],[8.330993 8.329849 8.328677 8.327478],[0.19007084 0.19461922 0.19951843 0.20474008]
DDK8,A,3e-08,10,False,False,TDD,vanilla,5,[0.04409478 0.08112374 0.1333977  0.20039676],[0.06037467 0.09491184 0.16307034 0.3061571 ],[ 5.2959795  9.946332  17.503025  28.21374  ],[ 1.632897  4.41521  10.085186 19.797611],[8.184482 8.162679 8.129877 8.089831],[0.55707854 0.6245726  0.69387037 0.7662023 ],[8.202797 8.202787 8.20477  8.210616],[0.5486622  0.603959   0.65337497 0.69756156]
DDK8,A,3e-08,30,False,False,TDD,vanilla,5,[0.18666865 0.3139996  0.512913   0.68748754],[0.3979191  0.33865118 0.476799   0.527898  ],[ 15.201943  37.45879   80.699974 132.53831 ],[  8.881206  34.77099   75.82272  123.91325 ],[7.8519664 7.75216   7.533258  7.204828 ],[1.0049185 1.1042902 1.2570362 1.5735658],[7.9305916 7.937528  7.938669  7.9467754],[0.94080913 0.97129947 1.0151565  1.0446168 ]
DDK8,A,1e-07,1,False,False,TDD,vanilla,5,[0.02235983 0.02456695 0.02606078 0.02850063],[0.00632719 0.00707194 0.00836613 0.00991978],[5.3731303 5.8571687 6.0896325 6.5549145],[1.9281558 2.1195493 2.235634  2.4326177],[8.249592 8.248333 8.247988 8.246799],[0.5151269  0.51532656 0.5159572  0.5166088 ],[8.262489 8.263346 8.264196 8.265036],[0.5146195  0.5150341  0.5156064  0.51633507]
DDK8,A,1e-07,10,False,False,TDD,vanilla,5,[0.0517057  0.08667121 0.13774185 0.16644841],[0.03537251 0.08425637 0.22586633 0.13158633],[ 9.10795  13.585781 20.575386 30.495098],[ 2.8320694  5.2556815 10.333494  18.814903 ],[8.112094 8.092744 8.063127 8.024561],[0.6339391  0.6854853  0.74179304 0.80204225],[8.144523 8.146372 8.146507 8.145758],[0.6222944 0.6648694 0.7096781 0.7541992]
DDK8,A,1e-07,30,False,False,TDD,vanilla,5,[0.1538801  0.34714627 0.4905845  0.6852642 ],[0.27199435 0.90510106 0.54869914 0.4719912 ],[ 20.341713  44.579865  87.147316 135.94162 ],[  9.60656   42.40631   85.330376 123.37756 ],[7.9746647 7.836112  7.5137177 7.139397 ],[1.0340267 1.1564661 1.4278035 1.5139924],[8.072836  8.0405245 7.9876432 7.931781 ],[0.9680374 1.0242085 1.0625325 1.0865595]
DDK8,A,3e-07,1,False,False,TDD,vanilla,5,[0.01350226 0.01502363 0.01592865 0.01734885],[0.00453766 0.00477926 0.00507656 0.00553331],[3.2493744 3.6071506 3.8113132 4.151445 ],[1.2276847 1.2482278 1.2729205 1.3221215],[8.199303  8.19864   8.198946  8.1986265],[0.35491613 0.3562623  0.35759592 0.35898873],[8.213685 8.214922 8.216152 8.217376],[0.35320455 0.35431996 0.3555505  0.35689354]
DDK8,A,3e-07,10,False,False,TDD,vanilla,5,[0.03670822 0.0606427  0.09223503 0.13522585],[0.02131977 0.04044887 0.06199985 0.09851523],[ 6.915105 11.091621 17.508411 27.013067],[ 2.4498098  4.242133   7.894144  15.041528 ],[8.135048 8.116306 8.088541 8.052706],[0.63224655 0.6897971  0.7488943  0.8075964 ],[8.171758 8.174995 8.178912 8.18387 ],[0.61714435 0.66222095 0.70273554 0.73701555]
DDK8,A,3e-07,30,False,False,TDD,vanilla,5,[0.08966942 0.1834024  0.34671766 0.52527493],[0.06716862 0.15000619 0.2974072  0.4133271 ],[ 14.960597  33.91834   70.762    121.7938  ],[  6.336649  26.763775  61.675877 109.17317 ],[7.955199  7.8797655 7.705313  7.4000072],[0.9632289 1.0644977 1.2358321 1.5004889],[8.039328 8.043646 8.03752  8.038265],[0.90889144 0.95316565 1.0154774  1.050955  ]
DDK8,C,3e-08,1,False,False,TDD,vanilla,5,[0.02067829 0.02407491 0.02842903 0.03385727],[0.01130338 0.01326806 0.01749291 0.021913  ],[2.6990004 3.20875   3.601628  4.2628813],[0.47324455 0.5635919  0.6882732  0.9237426 ],[8.312224  8.310921  8.3099375 8.307983 ],[0.13187738 0.13442211 0.13734747 0.14080787],[8.320241 8.321053 8.321877 8.322711],[0.1314964  0.13392694 0.13672413 0.13986447]
DDK8,C,3e-08,10,False,False,TDD,vanilla,5,[0.05772017 0.13275598 0.26319113 0.37146264],[0.04365041 0.12138277 0.3044239  0.32008997],[ 6.828484 16.216694 35.02969  61.413998],[ 2.5700006 10.554661  28.133486  50.452    ],[8.18761  8.127887 8.03107  7.88864 ],[0.4446307  0.50352746 0.5998352  0.74645424],[8.214156 8.200949 8.206897 8.228696],[0.43586653 0.47545165 0.5107417  0.53240734]
DDK8,C,3e-08,30,False,False,TDD,vanilla,5,[0.29805288 0.6743933  0.8514097  0.9629411 ],[0.2978123  0.56166255 0.6818103  0.58647096],[ 47.531143 125.07203  178.6374   206.1513  ],[ 42.53748 102.83579 119.55552 116.71263],[8.038521  7.4517407 6.857204  6.559385 ],[0.69884443 1.1271229  1.4255233  1.4977108 ],[8.26459   8.2423935 8.200481  8.146262 ],[0.59722245 0.63432664 0.6843038  0.7340101 ]
DDK8,C,1e-07,1,False,False,TDD,vanilla,5,[0.01951602 0.02196587 0.02378396 0.02660784],[0.00495788 0.00564086 0.00666164 0.00798792],[4.3742857 4.874779  5.1776495 5.738324 ],[0.7166454  0.79688025 0.90853965 1.1123159 ],[8.269536 8.266217 8.263686 8.260053],[0.20121334 0.20341365 0.20576818 0.20832773],[8.287666  8.286729  8.285783  8.2848215],[0.20094848 0.20314613 0.20554835 0.20814276]
DDK8,C,1e-07,10,False,False,TDD,vanilla,5,[0.04869767 0.09577297 0.17501102 0.2785008 ],[0.01739374 0.04921888 0.10642955 0.17538758],[10.232002 20.46968  39.408154 66.340996],[ 3.4365358 13.723232  33.90796   58.36281  ],[8.18345   8.135159  8.045111  7.9006763],[0.4129605  0.4550193  0.49999955 0.56314516],[8.228059 8.225114 8.221141 8.218307],[0.4063242  0.44373652 0.4743657  0.49637356]
DDK8,C,1e-07,30,False,False,TDD,vanilla,5,[0.19746555 0.4294552  0.61112    0.743153  ],[0.14385782 0.24821702 0.2719544  0.25878516],[ 40.63259 103.30185 154.82626 200.0333 ],[ 31.72271   84.622314 113.183655 131.97655 ],[8.00562   7.6097517 7.206249  6.705722 ],[0.6459999 0.7879437 0.9381981 1.2970197],[8.210542 8.202722 8.19268  8.180748],[0.5592177  0.55600965 0.5821842  0.64674735]
DDK8,C,3e-07,1,False,False,TDD,vanilla,5,[0.01887133 0.02066283 0.02203662 0.02405233],[0.0027392  0.0032109  0.00391637 0.00501958],[5.1975636 5.6528516 5.990781  6.4986253],[0.7475668  0.81257623 0.9238569  1.1284645 ],[8.293446  8.2911825 8.289754  8.287351 ],[0.12801588 0.12940161 0.13099079 0.13302165],[8.30922  8.309395 8.309544 8.309666],[0.12782563 0.12907478 0.13059264 0.132371  ]
DDK8,C,3e-07,10,False,False,TDD,vanilla,5,[0.04716464 0.08048823 0.13130432 0.19872957],[0.01561377 0.03740038 0.06991959 0.10917775],[11.830999 20.169167 33.440605 52.36144 ],[ 3.0250974  8.609852  17.993418  31.18363  ],[8.201441 8.150983 8.07795  7.975705],[0.34689975 0.39072776 0.44012895 0.5006085 ],[8.250104 8.243475 8.238306 8.233626],[0.33855358 0.37196392 0.40309045 0.43264046]
DDK8,C,3e-07,30,False,False,TDD,vanilla,5,[0.16053513 0.36491424 0.518073   0.6310205 ],[0.1128399  0.24400754 0.27734742 0.2611954 ],[ 38.335857  93.60982  142.57935  185.38792 ],[25.037569 63.72056  80.69254  99.34372 ],[8.049207 7.656842 7.358675 7.016466],[0.6127867 0.990258  1.1339701 1.3063372],[8.243394  8.2595005 8.280929  8.2970915],[0.5275148  0.56576973 0.5995795  0.6289665 ]
DDK8,D,3e-08,1,False,False,TDD,vanilla,5,[0.00460893 0.00557714 0.00625896 0.00720696],[0.00101079 0.00120524 0.00141899 0.0017334 ],[1.3417523 1.6292838 1.8284221 2.1044388],[0.28576458 0.35818094 0.41308832 0.50128204],[8.3088045 8.307354  8.306446  8.305248 ],[0.16901475 0.16932394 0.16968644 0.17011166],[8.314398 8.314319 8.314234 8.314145],[0.1689577  0.1692839  0.16965668 0.17007592]
DDK8,D,3e-08,10,False,False,TDD,vanilla,5,[0.00975836 0.01563491 0.02341666 0.03377382],[0.00332385 0.00604495 0.01019583 0.01647772],[ 2.8574646  4.582541   6.9026704 10.03152  ],[0.9911594 1.7517028 3.0809968 5.0155487],[8.304473 8.298188 8.290585 8.281705],[0.22142553 0.23136458 0.24067564 0.25054553],[8.316226 8.317209 8.319232 8.322231],[0.22064124 0.22971565 0.23861213 0.24789669]
DDK8,D,3e-08,30,False,False,TDD,vanilla,5,[0.0235193  0.04963841 0.0870108  0.12905712],[0.01430886 0.04153441 0.07273699 0.10453562],[ 6.6039443 13.8772    24.468437  36.62397  ],[ 3.71323   12.0814495 21.59093   31.721422 ],[8.253056 8.211156 8.165617 8.114507],[0.32106093 0.3443653  0.36942548 0.4222847 ],[8.279626 8.265633 8.254636 8.245803],[0.3149234  0.33140603 0.3475315  0.37491977]
DDK8,D,1e-07,1,False,False,TDD,vanilla,5,[0.00542333 0.00632206 0.00709517 0.00807551],[0.0010945  0.001192   0.00134821 0.00157804],[1.6114928 1.879334  2.1123612 2.4062798],[0.32702222 0.36388493 0.40986213 0.4847715 ],[8.301769 8.300557 8.299863 8.298893],[0.04602797 0.04715081 0.04843897 0.04976775],[8.30858  8.308749 8.308917 8.309082],[0.04570846 0.04691132 0.04821616 0.04961289]
DDK8,D,1e-07,10,False,False,TDD,vanilla,5,[0.01123256 0.01692589 0.023849   0.03261033],[0.00283247 0.00491718 0.00822566 0.0129799 ],[3.3085706 4.978467  7.001568  9.587748 ],[0.8140035 1.3742403 2.2885096 3.608237 ],[8.288299 8.2817   8.273744 8.264329],[0.14520174 0.16455467 0.18377262 0.2027866 ],[8.302197 8.302738 8.303449 8.304353],[0.14413556 0.16243479 0.18018848 0.19722274]
DDK8,D,1e-07,30,False,False,TDD,vanilla,5,[0.02395095 0.04583738 0.07790899 0.11791804],[0.01049238 0.02842683 0.05415241 0.09245752],[ 7.003684 13.418711 22.584566 33.68875 ],[ 2.9848135  8.375673  14.576621  21.276176 ],[8.279835  8.258672  8.2284975 8.194259 ],[0.29498988 0.33042637 0.37196323 0.4290399 ],[8.307436 8.310596 8.312113 8.31137 ],[0.28931206 0.31602684 0.33770058 0.35521185]
DDK8,D,3e-07,1,False,False,TDD,vanilla,5,[0.00802976 0.00898493 0.00979373 0.01093491],[0.00225069 0.00235395 0.00249673 0.00268016],[2.3728852 2.6551523 2.896775  3.237185 ],[0.65911674 0.69065994 0.7326045  0.7875274 ],[8.294807 8.293409 8.292595 8.291381],[0.02211916 0.02361592 0.02524712 0.02700934],[8.304571 8.304598 8.304624 8.304644],[0.02125929 0.02278931 0.02444145 0.02619203]
DDK8,D,3e-07,10,False,False,TDD,vanilla,5,[0.0168114  0.02263566 0.02910501 0.03647842],[0.00571154 0.00739536 0.00949552 0.01278748],[ 4.929801   6.6530495  8.576463  10.763081 ],[1.6559367 2.1584857 2.8318841 3.790565 ],[8.272381  8.265172  8.257612  8.2498255],[0.13720559 0.15646413 0.17559062 0.19513603],[8.291802 8.291453 8.291422 8.291797],[0.13622427 0.15536554 0.17447104 0.193445  ]
DDK8,D,3e-07,30,False,False,TDD,vanilla,5,[0.02654506 0.04228219 0.06702983 0.09589792],[0.01053661 0.01969952 0.0376182  0.05673338],[ 7.776071 12.441202 19.579529 28.241192],[ 2.650668  5.909136 10.82782  17.018656],[8.285671 8.263621 8.233853 8.20195 ],[0.26364228 0.29434204 0.3305686  0.35881823],[8.314291 8.305841 8.296564 8.287483],[0.25759736 0.28634158 0.31637365 0.34177953]
DDK8,A,3e-08,1,False,False,TDD,vanilla,10,[0.00733824 0.00833661 0.00940916 0.01107315],[0.00445516 0.00516345 0.00639711 0.00812908],[1.4315953 1.6186361 1.7631242 2.0327082],[0.32052875 0.3702207  0.41186544 0.50132716],[8.328074 8.326197 8.324456 8.322297],[0.1901363  0.19470309 0.19963531 0.20491776],[8.330993 8.329849 8.328677 8.327478],[0.19007084 0.19461922 0.19951843 0.20474008]
DDK8,A,3e-08,10,False,False,TDD,vanilla,10,[0.02716045 0.06200744 0.11330639 0.18532535],[0.03171576 0.08509847 0.1645428  0.35314903],[ 3.3962085  7.316302  14.321996  24.761713 ],[ 1.2490125  3.9087405  9.5542555 19.395435 ],[8.191991 8.174497 8.1473   8.112982],[0.553303   0.618045   0.68399626 0.7524877 ],[8.202797 8.202787 8.20477  8.210616],[0.5486622  0.603959   0.65337497 0.69756156]
DDK8,A,3e-08,30,False,False,TDD,vanilla,10,[0.16899179 0.2728258  0.4698012  0.6362522 ],[0.43822053 0.29525277 0.41900727 0.48281714],[ 12.737733  33.94039   76.45476  128.38678 ],[  8.302677  34.32503   75.019005 122.87139 ],[7.865522  7.7768364 7.576131  7.2541547],[0.9917537 1.0811008 1.2217323 1.5355967],[7.9305916 7.937528  7.938669  7.9467754],[0.94080913 0.97129947 1.0151565  1.0446168 ]
DDK8,A,1e-07,1,False,False,TDD,vanilla,10,[0.01544211 0.01662946 0.0173905  0.0189522 ],[0.0029768  0.00356785 0.00437143 0.00552645],[4.0010166 4.2230544 4.3318386 4.607842 ],[1.3836603 1.469371  1.5429838 1.657418 ],[8.254982 8.254805 8.25502  8.254669],[0.51543254 0.51588655 0.5164631  0.5171195 ],[8.262489 8.263346 8.264196 8.265036],[0.5146195  0.5150341  0.5156064  0.51633507]
DDK8,A,1e-07,10,False,False,TDD,vanilla,10,[0.03427869 0.06116326 0.1064824  0.13563707],[0.02012394 0.05507044 0.19242707 0.11381682],[ 6.434927  9.882876 15.733801 24.777254],[ 2.023415  4.106393  8.824513 17.196585],[8.124917 8.110401 8.086603 8.054557],[0.6299006 0.6792824 0.7331977 0.7898107],[8.144523 8.146372 8.146507 8.145758],[0.6222944 0.6648694 0.7096781 0.7541992]
DDK8,A,1e-07,30,False,False,TDD,vanilla,10,[0.11549322 0.318736   0.44147506 0.63956994],[0.17992511 0.98157513 0.53267175 0.46236563],[ 15.775285  38.237663  79.68219  128.92061 ],[  8.37077   39.933514  83.40991  121.88714 ],[8.00287   7.876587  7.583793  7.2162724],[1.0151625 1.1244067 1.3666358 1.4791754],[8.072836  8.0405245 7.9876432 7.931781 ],[0.9680374 1.0242085 1.0625325 1.0865595]
DDK8,A,3e-07,1,False,False,TDD,vanilla,10,[0.00873047 0.00967022 0.01011457 0.01098507],[0.00356636 0.0036982  0.00387326 0.0041261 ],[2.183163  2.3978052 2.4930258 2.6906464],[1.0286304 1.0413162 1.0562077 1.0842679],[8.204742 8.205012 8.205756 8.206062],[0.35420817 0.35544115 0.35675848 0.35813186],[8.213685 8.214922 8.216152 8.217376],[0.35320455 0.35431996 0.3555505  0.35689354]
DDK8,A,3e-07,10,False,False,TDD,vanilla,10,[0.02325792 0.04211299 0.06885613 0.10583829],[0.01311363 0.02887056 0.04849487 0.08032613],[ 4.511492   7.6839767 12.852936  20.867332 ],[ 1.8436632  3.3709214  6.6394157 13.458059 ],[8.149314 8.135274 8.113173 8.084336],[0.6255105  0.68002635 0.73579156 0.7913922 ],[8.171758 8.174995 8.178912 8.18387 ],[0.61714435 0.66222095 0.70273554 0.73701555]
DDK8,A,3e-07,30,False,False,TDD,vanilla,10,[0.06642505 0.14928423 0.30695048 0.4868061 ],[0.05396313 0.13524519 0.28802168 0.40326038],[ 11.0197115  27.384138   62.198296  112.9779   ],[  5.3509016  24.52573    59.339966  107.32927  ],[7.981323 7.920267 7.762831 7.490971],[0.9450994 1.0349051 1.2066054 1.4278218],[8.039328 8.043646 8.03752  8.038265],[0.90889144 0.95316565 1.0154774  1.050955  ]
DDK8,C,3e-08,1,False,False,TDD,vanilla,10,[0.01190435 0.0139627  0.0167278  0.02108001],[0.00559059 0.00772074 0.01120544 0.01719153],[1.6812166 1.9175894 2.1149807 2.5404918],[0.29774857 0.35185704 0.40979597 0.5774743 ],[8.315954 8.315816 8.315707 8.314818],[0.13178901 0.1342783  0.13713403 0.14040355],[8.320241 8.321053 8.321877 8.322711],[0.1314964  0.13392694 0.13672413 0.13986447]
DDK8,C,3e-08,10,False,False,TDD,vanilla,10,[0.03761543 0.10220786 0.21623889 0.3245792 ],[0.02700887 0.10280956 0.2312584  0.28056705],[ 4.5896406 12.597159  30.238976  55.842354 ],[ 1.9993874  9.581383  27.000046  49.434723 ],[8.196992 8.146295 8.062673 7.942075],[0.44129845 0.49647087 0.58579    0.711456  ],[8.214156 8.200949 8.206897 8.228696],[0.43586653 0.47545165 0.5107417  0.53240734]
DDK8,C,3e-08,30,False,False,TDD,vanilla,10,[0.28389362 0.6640748  0.8379146  0.94277436],[0.30442956 0.5755301  0.68843406 0.5802033 ],[ 44.078648 121.341    175.46631  203.80289 ],[ 42.326286 102.75876  119.95268  116.59548 ],[8.050288 7.48196  6.904532 6.587183],[0.6969251 1.1030496 1.3951367 1.5183033],[8.26459   8.2423935 8.200481  8.146262 ],[0.59722245 0.63432664 0.6843038  0.7340101 ]
DDK8,C,1e-07,1,False,False,TDD,vanilla,10,[0.01319783 0.01449691 0.01551464 0.01736591],[0.00270886 0.00316221 0.00383685 0.0049086 ],[3.183743  3.4468381 3.6237218 3.9922006],[0.5410551  0.59334046 0.66084915 0.81051624],[8.2751465 8.272995  8.271042  8.268326 ],[0.20126592 0.20347267 0.20580837 0.20837511],[8.287666  8.286729  8.285783  8.2848215],[0.20094848 0.20314613 0.20554835 0.20814276]
DDK8,C,1e-07,10,False,False,TDD,vanilla,10,[0.03320383 0.07178941 0.1408963  0.23643911],[0.01352088 0.04480775 0.10015561 0.16521353],[ 7.079125 15.415808 32.316082 57.586254],[ 2.6411567 12.395424  32.634212  57.068497 ],[8.198897  8.160587  8.085734  7.9638076],[0.41032347 0.45091632 0.49261954 0.54839826],[8.228059 8.225114 8.221141 8.218307],[0.4063242  0.44373652 0.4743657  0.49637356]
DDK8,C,1e-07,30,False,False,TDD,vanilla,10,[0.176863   0.4098118  0.5903891  0.72496504],[0.14518417 0.25723204 0.28072077 0.2657867 ],[ 36.21958  98.69722 149.8476  195.69943],[ 31.659006  85.24204  114.37042  134.1966  ],[8.031393  7.6430836 7.261601  6.7636256],[0.6360397 0.7797836 0.9214989 1.3193227],[8.210542 8.202722 8.19268  8.180748],[0.5592177  0.55600965 0.5821842  0.64674735]
DDK8,C,3e-07,1,False,False,TDD,vanilla,10,[0.01324172 0.0144014  0.0152304  0.01664901],[0.00191028 0.00217437 0.00254773 0.00333817],[3.7746167 4.056729  4.2626057 4.609825 ],[0.58842593 0.6240566  0.67933625 0.8090382 ],[8.300129 8.298827 8.297998 8.296339],[0.12802596 0.12932356 0.13090095 0.13281412],[8.30922  8.309395 8.309544 8.309666],[0.12782563 0.12907478 0.13059264 0.132371  ]
DDK8,C,3e-07,10,False,False,TDD,vanilla,10,[0.03046568 0.05565482 0.09844185 0.16008678],[0.01055882 0.02923753 0.06073941 0.10217355],[ 7.770951 14.022255 25.132479 42.250175],[ 2.098401  6.760036 15.74254  29.26552 ],[8.222381 8.183212 8.123197 8.036816],[0.34319603 0.38402617 0.4293577  0.483101  ],[8.250104 8.243475 8.238306 8.233626],[0.33855358 0.37196392 0.40309045 0.43264046]
DDK8,C,3e-07,30,False,False,TDD,vanilla,10,[0.1363067  0.33840394 0.49094516 0.6037578 ],[0.1076474  0.24901448 0.2877418  0.26787123],[ 32.520443  86.84176  135.0942   177.69746 ],[ 24.591124  64.7348    82.87297  100.06595 ],[8.085616  7.7075963 7.4252257 7.1119423],[0.5988665 0.9765128 1.1213555 1.2840769],[8.243394  8.2595005 8.280929  8.2970915],[0.5275148  0.56576973 0.5995795  0.6289665 ]
DDK8,D,3e-08,1,False,False,TDD,vanilla,10,[0.00244647 0.00288821 0.00325327 0.00384995],[0.00072522 0.00083768 0.00096942 0.0011732 ],[0.7045081 0.8346794 0.9382618 1.1076206],[0.17855853 0.2120309  0.23785777 0.284226  ],[8.311663 8.311009 8.310575 8.309867],[0.16909648 0.16940437 0.16980386 0.1702426 ],[8.314398 8.314319 8.314234 8.314145],[0.1689577  0.1692839  0.16965668 0.17007592]
DDK8,D,3e-08,10,False,False,TDD,vanilla,10,[0.00562436 0.00955226 0.01508108 0.02292324],[0.00235703 0.00482589 0.00860165 0.01449427],[1.6361328 2.786024  4.4378285 6.803255 ],[0.667114  1.3735737 2.558421  4.349022 ],[8.309815  8.306358  8.3019495 8.296774 ],[0.22128762 0.23095196 0.2402899  0.25034037],[8.316226 8.317209 8.319232 8.322231],[0.22064124 0.22971565 0.23861213 0.24789669]
DDK8,D,3e-08,30,False,False,TDD,vanilla,10,[0.01809139 0.04259238 0.07693367 0.11763478],[0.01294881 0.03945886 0.07057245 0.10176573],[ 5.0991917 11.883908  21.639948  33.525925 ],[ 3.5339673 11.441769  20.778875  30.954136 ],[8.260268 8.220879 8.179923 8.133132],[0.31940517 0.34321237 0.3676423  0.41997406],[8.279626 8.265633 8.254636 8.245803],[0.3149234  0.33140603 0.3475315  0.37491977]
DDK8,D,1e-07,1,False,False,TDD,vanilla,10,[0.00298791 0.00348508 0.00388925 0.00453878],[0.0007646  0.00086177 0.00092884 0.00108314],[0.88790137 1.035282   1.1558635  1.3487488 ],[0.22539255 0.25690013 0.2748748  0.31835696],[8.304999 8.304545 8.304353 8.303906],[0.04593794 0.04712953 0.04841343 0.04980696],[8.30858  8.308749 8.308917 8.309082],[0.04570846 0.04691132 0.04821616 0.04961289]
DDK8,D,1e-07,10,False,False,TDD,vanilla,10,[0.00655047 0.01041623 0.0152312  0.02159268],[0.00195355 0.00361676 0.00624249 0.00993187],[1.9239051 3.0523179 4.4511304 6.3253345],[0.560235  1.008288  1.7411067 2.8260906],[8.294307  8.290423  8.285708  8.2796135],[0.14486331 0.16390406 0.18267386 0.20091394],[8.302197 8.302738 8.303449 8.304353],[0.14413556 0.16243479 0.18018848 0.19722274]
DDK8,D,1e-07,30,False,False,TDD,vanilla,10,[0.01784217 0.03679461 0.06503436 0.10326328],[0.00939663 0.02608342 0.05029491 0.08574366],[ 5.241476 10.861225 19.011892 29.740057],[ 2.7636085  8.080949  14.447154  21.237501 ],[8.287875 8.270652 8.246206 8.216619],[0.2934655  0.32621792 0.36252448 0.41141844],[8.307436 8.310596 8.312113 8.31137 ],[0.28931206 0.31602684 0.33770058 0.35521185]
DDK8,D,3e-07,1,False,False,TDD,vanilla,10,[0.00502892 0.00558896 0.00602806 0.00687322],[0.00178665 0.00191175 0.0019803  0.00213918],[1.4868996 1.6533172 1.7838098 2.035576 ],[0.52473384 0.5615683  0.5810612  0.6280896 ],[8.298521 8.297886 8.297542 8.29679 ],[0.02191803 0.02344185 0.02509134 0.02687091],[8.304571 8.304598 8.304624 8.304644],[0.02125929 0.02278931 0.02444145 0.02619203]
DDK8,D,3e-07,10,False,False,TDD,vanilla,10,[0.01072735 0.01499817 0.01968102 0.02552894],[0.0039046  0.00549683 0.00749199 0.01027341],[3.146347  4.4110236 5.7917924 7.5242543],[1.1373075 1.6204468 2.209096  3.0289023],[8.279586 8.274684 8.269698 8.264425],[0.1366934  0.15588838 0.17516547 0.19459613],[8.291802 8.291453 8.291422 8.291797],[0.13622427 0.15536554 0.17447104 0.193445  ]
DDK8,D,3e-07,30,False,False,TDD,vanilla,10,[0.02006874 0.03425993 0.05608026 0.08520913],[0.00878239 0.01868754 0.0364518  0.06752596],[ 5.8674965 10.080921  16.340881  25.231287 ],[ 2.2749243  5.8251853 10.580643  21.41677  ],[8.293735  8.2736025 8.247961  8.216822 ],[0.26228756 0.29247266 0.32770944 0.35731074],[8.314291 8.305841 8.296564 8.287483],[0.25759736 0.28634158 0.31637365 0.34177953]
DDK8,A,3e-08,1,False,False,TDD,vanilla,15,[0.00493628 0.00537443 0.00608363 0.00733265],[0.00270067 0.00290942 0.00413342 0.0052635 ],[1.005202  1.1061372 1.1673926 1.3763407],[0.22289343 0.25664926 0.27480522 0.36523104],[8.329328 8.327841 8.326372 8.324535],[0.19016933 0.19474362 0.19967037 0.20491932],[8.330993 8.329849 8.328677 8.327478],[0.19007084 0.19461922 0.19951843 0.20474008]
DDK8,A,3e-08,10,False,False,TDD,vanilla,15,[0.02105584 0.05259942 0.1032768  0.18192035],[0.02801529 0.07115646 0.13870867 0.4023652 ],[ 2.57959    6.1896653 12.934261  23.347515 ],[ 1.0805794  3.7084227  9.299927  19.227612 ],[8.194849 8.178972 8.153775 8.121894],[0.55203575 0.6158134  0.68090993 0.7482406 ],[8.202797 8.202787 8.20477  8.210616],[0.5486622  0.603959   0.65337497 0.69756156]
DDK8,A,3e-08,30,False,False,TDD,vanilla,15,[0.14543185 0.2775473  0.46529418 0.6268359 ],[0.32038713 0.32692102 0.4293179  0.47640353],[ 11.535055  32.471867  74.56489  126.73901 ],[  7.9991846  34.241997   75.03041   122.917046 ],[7.8710194 7.7834682 7.586825  7.265306 ],[0.98837143 1.079603   1.2203698  1.5316744 ],[7.9305916 7.937528  7.938669  7.9467754],[0.94080913 0.97129947 1.0151565  1.0446168 ]
DDK8,A,1e-07,1,False,False,TDD,vanilla,15,[0.01241604 0.01293265 0.01331655 0.01442895],[0.00162701 0.00186375 0.00246595 0.00342687],[3.4483247 3.5204427 3.5664883 3.7541766],[1.1893573 1.2121129 1.256555  1.343217 ],[8.257409 8.257731 8.258237 8.258254],[0.51545304 0.5160503  0.51658946 0.5172712 ],[8.262489 8.263346 8.264196 8.265036],[0.5146195  0.5150341  0.5156064  0.51633507]
DDK8,A,1e-07,10,False,False,TDD,vanilla,15,[0.02648116 0.05036487 0.08903525 0.11942983],[0.0145137  0.04639634 0.13351636 0.09993955],[ 5.22427   8.177261 13.416671 21.901445],[ 1.6677685  3.5823371  8.088978  16.410027 ],[8.130823 8.118555 8.097179 8.068646],[0.62800944 0.67629284 0.7291285  0.78385234],[8.144523 8.146372 8.146507 8.145758],[0.6222944 0.6648694 0.7096781 0.7541992]
DDK8,A,1e-07,30,False,False,TDD,vanilla,15,[0.1041691  0.31349128 0.42605865 0.6200275 ],[0.17747325 1.0973716  0.52994955 0.44960412],[ 13.926828  35.51152   76.59545  126.044815],[  7.9529915  39.4793     82.71672   121.50334  ],[8.01419   7.8944316 7.60733   7.2469373],[1.0077833 1.1105283 1.3548802 1.4640692],[8.072836  8.0405245 7.9876432 7.931781 ],[0.9680374 1.0242085 1.0625325 1.0865595]
DDK8,A,3e-07,1,False,False,TDD,vanilla,15,[0.00663525 0.00720749 0.00753366 0.00809897],[0.00316114 0.00315513 0.00319246 0.00329384],[1.7188243 1.8447651 1.9098674 2.0317047],[0.9431782  0.93728095 0.9355539  0.9421157 ],[8.207176 8.207965 8.208938 8.209605],[0.35388115 0.35507184 0.3563462  0.3577289 ],[8.213685 8.214922 8.216152 8.217376],[0.35320455 0.35431996 0.3555505  0.35689354]
DDK8,A,3e-07,10,False,False,TDD,vanilla,15,[0.01688221 0.03288259 0.05733268 0.09068015],[0.00891049 0.02151311 0.04009408 0.06956517],[ 3.4349532  6.179375  10.818368  17.967316 ],[ 1.6229298  3.0110357  6.1904907 12.842816 ],[8.155519  8.143887  8.1240425 8.099394 ],[0.62279594 0.6754837  0.7292663  0.7812006 ],[8.171758 8.174995 8.178912 8.18387 ],[0.61714435 0.66222095 0.70273554 0.73701555]
DDK8,A,3e-07,30,False,False,TDD,vanilla,15,[0.05660744 0.13224736 0.28573787 0.46803498],[0.04784937 0.1251739  0.2814403  0.40182728],[  9.422094  24.60151   58.38405  108.99345 ],[  5.046949  23.911444  58.71954  106.440186],[7.992634  7.939333  7.792016  7.5314665],[0.9366556 1.0188928 1.1813167 1.3993831],[8.039328 8.043646 8.03752  8.038265],[0.90889144 0.95316565 1.0154774  1.050955  ]
DDK8,C,3e-08,1,False,False,TDD,vanilla,15,[0.00815943 0.0092677  0.01107734 0.01422615],[0.00334194 0.00417469 0.00681737 0.00991629],[1.2430134 1.3713844 1.4715493 1.7864803],[0.23863766 0.26029837 0.28268707 0.41782466],[8.317475 8.317784 8.318009 8.317578],[0.13167019 0.13416836 0.1370352  0.14032416],[8.320241 8.321053 8.321877 8.322711],[0.1314964  0.13392694 0.13672413 0.13986447]
DDK8,C,3e-08,10,False,False,TDD,vanilla,15,[0.02996333 0.0907056  0.20207363 0.30920532],[0.0270728  0.10496046 0.23807508 0.27791226],[ 3.61461  11.116847 28.356245 53.86459 ],[ 1.8378999  9.423258  27.014664  49.552925 ],[8.200637  8.152645  8.072691  7.9568334],[0.44007474 0.49471274 0.58455473 0.7101424 ],[8.214156 8.200949 8.206897 8.228696],[0.43586653 0.47545165 0.5107417  0.53240734]
DDK8,C,3e-08,30,False,False,TDD,vanilla,15,[0.27959973 0.6598277  0.83368474 0.9375555 ],[0.31166396 0.57552063 0.7428729  0.58014363],[ 42.858883 120.24291  174.0095   202.15404 ],[ 42.547276 103.32388  120.43077  116.91286 ],[8.05488   7.4844637 6.9187245 6.6087437],[0.69488496 1.1097602  1.390578   1.508012  ],[8.26459   8.2423935 8.200481  8.146262 ],[0.59722245 0.63432664 0.6843038  0.7340101 ]
DDK8,C,1e-07,1,False,False,TDD,vanilla,15,[0.01050722 0.011248   0.01193863 0.01330496],[0.00203627 0.00231238 0.00275148 0.00355334],[2.6794856 2.817851  2.9304898 3.2099097],[0.46960953 0.4888651  0.53310716 0.63606334],[8.277538  8.275963  8.2743435 8.2720585],[0.20132525 0.20350936 0.20585842 0.2084294 ],[8.287666  8.286729  8.285783  8.2848215],[0.20094848 0.20314613 0.20554835 0.20814276]
DDK8,C,1e-07,10,False,False,TDD,vanilla,15,[0.02586081 0.06077008 0.12617393 0.21806437],[0.01115631 0.04210358 0.09607428 0.15893407],[ 5.6809497 13.230782  29.386292  54.111977 ],[ 2.3752468 11.851694  32.03706   56.744473 ],[8.205791  8.171229  8.101467  7.9873834],[0.40860477 0.44748968 0.4875627  0.5400334 ],[8.228059 8.225114 8.221141 8.218307],[0.4063242  0.44373652 0.4743657  0.49637356]
DDK8,C,1e-07,30,False,False,TDD,vanilla,15,[0.16717191 0.39980954 0.5825669  0.71868646],[0.14585118 0.2584484  0.28615516 0.2707794 ],[ 34.35712  96.41868 147.59238 193.77228],[ 31.685137  85.13124  114.50546  134.51442 ],[8.041881  7.661542  7.2815704 6.789887 ],[0.6324851  0.77032375 0.9187341  1.3113793 ],[8.210542 8.202722 8.19268  8.180748],[0.5592177  0.55600965 0.5821842  0.64674735]
DDK8,C,3e-07,1,False,False,TDD,vanilla,15,[0.0107371  0.01135462 0.01189018 0.01285044],[0.00161186 0.00168952 0.00187177 0.00231363],[3.148988  3.2930646 3.425036  3.6575565],[0.537926   0.5467258  0.5648451  0.62676764],[8.303021 8.302398 8.301901 8.300786],[0.12800129 0.12928785 0.13084823 0.13269436],[8.30922  8.309395 8.309544 8.309666],[0.12782563 0.12907478 0.13059264 0.132371  ]
DDK8,C,3e-07,10,False,False,TDD,vanilla,15,[0.02285302 0.04401349 0.08359367 0.14347997],[0.00828755 0.02595812 0.05797644 0.10160351],[ 5.960654 11.226687 21.486511 38.048466],[ 1.7815188  6.165028  15.251519  29.278116 ],[8.2318   8.198231 8.143977 8.062987],[0.34145766 0.38071132 0.4241121  0.47580323],[8.250104 8.243475 8.238306 8.233626],[0.33855358 0.37196392 0.40309045 0.43264046]
DDK8,C,3e-07,30,False,False,TDD,vanilla,15,[0.1263891  0.32883617 0.48062015 0.5928103 ],[0.10629205 0.25277054 0.29296905 0.27118856],[ 30.300817  84.38208  132.20428  174.59047 ],[ 24.71945   65.553734  84.072296 101.0868  ],[8.099294  7.7249794 7.450606  7.1538134],[0.59317756 0.9752048  1.1192274  1.2664047 ],[8.243394  8.2595005 8.280929  8.2970915],[0.5275148  0.56576973 0.5995795  0.6289665 ]
DDK8,D,3e-08,1,False,False,TDD,vanilla,15,[0.00161353 0.00187002 0.00203079 0.00245057],[0.00059476 0.00071143 0.00080258 0.00099353],[0.46138123 0.53444815 0.5770438  0.6929928 ],[0.13619833 0.16442631 0.18164891 0.2215685 ],[8.31272   8.312382  8.312156  8.3117285],[0.1690953  0.1694349  0.16982009 0.17027326],[8.314398 8.314319 8.314234 8.314145],[0.1689577  0.1692839  0.16965668 0.17007592]
DDK8,D,3e-08,10,False,False,TDD,vanilla,15,[0.00386755 0.00723657 0.01203188 0.01916023],[0.00190718 0.0042919  0.00801723 0.0136889 ],[1.1228181 2.1120062 3.5386066 5.6910496],[0.53217703 1.2452036  2.4274454  4.1614003 ],[8.312093 8.309496 8.306141 8.30192 ],[0.22109509 0.23054774 0.2398541  0.24989893],[8.316226 8.317209 8.319232 8.322231],[0.22064124 0.22971565 0.23861213 0.24789669]
DDK8,D,3e-08,30,False,False,TDD,vanilla,15,[0.01638612 0.04038769 0.07363588 0.1142695 ],[0.01302117 0.03988538 0.07193668 0.10450071],[ 4.590398 11.250498 20.685877 32.57977 ],[ 3.5227559 11.572687  21.13954   31.419006 ],[8.262783  8.224284  8.18461   8.1386175],[0.3191418  0.3417643  0.36595935 0.41770178],[8.279626 8.265633 8.254636 8.245803],[0.3149234  0.33140603 0.3475315  0.37491977]
DDK8,D,1e-07,1,False,False,TDD,vanilla,15,[0.00199862 0.00231808 0.0025327  0.00303839],[0.00064332 0.00073749 0.00079199 0.00090155],[0.595689   0.690221   0.7532223  0.90319395],[0.18674609 0.21477376 0.22862735 0.25976533],[8.306299 8.306163 8.306173 8.305986],[0.04593277 0.04713978 0.04845237 0.04986326],[8.30858  8.308749 8.308917 8.309082],[0.04570846 0.04691132 0.04821616 0.04961289]
DDK8,D,1e-07,10,False,False,TDD,vanilla,15,[0.00442568 0.00760421 0.01157356 0.01692043],[0.00149257 0.00314189 0.00556574 0.00894562],[1.304152  2.2264283 3.3757424 4.9485836],[0.4346186 0.8878754 1.5774853 2.5751479],[8.297165 8.294245 8.290622 8.285789],[0.14463422 0.16359015 0.18221633 0.20041467],[8.302197 8.302738 8.303449 8.304353],[0.14413556 0.16243479 0.18018848 0.19722274]
DDK8,D,1e-07,30,False,False,TDD,vanilla,15,[0.01532238 0.03401816 0.06106693 0.09942307],[0.00890634 0.02559495 0.04840913 0.08341561],[ 4.5200057 10.084378  17.921896  28.70772  ],[ 2.6438437  8.023767  14.23907   20.974207 ],[8.29138  8.274919 8.252408 8.224547],[0.29267988 0.32432762 0.35842752 0.40602952],[8.307436 8.310596 8.312113 8.31137 ],[0.28931206 0.31602684 0.33770058 0.35521185]
DDK8,D,3e-07,1,False,False,TDD,vanilla,15,[0.00373872 0.00415214 0.00437278 0.0050618 ],[0.00159919 0.00173403 0.00178759 0.00191369],[1.106055  1.2290094 1.2933781 1.4977674],[0.46843663 0.50801235 0.5235179  0.56081444],[8.300093 8.299752 8.299609 8.299108],[0.02182576 0.02334344 0.02497452 0.02672438],[8.304571 8.304598 8.304624 8.304644],[0.02125929 0.02278931 0.02444145 0.02619203]
DDK8,D,3e-07,10,False,False,TDD,vanilla,15,[0.00774372 0.01136863 0.01537387 0.02069752],[0.00315601 0.00462904 0.00665749 0.00935982],[2.2754548 3.3473406 4.519275  6.092592 ],[0.9247006 1.366591  1.9419246 2.730919 ],[8.283153 8.279176 8.275152 8.270605],[0.1365129  0.15568519 0.17497578 0.19427727],[8.291802 8.291453 8.291422 8.291797],[0.13622427 0.15536554 0.17447104 0.193445  ]
DDK8,D,3e-07,30,False,False,TDD,vanilla,15,[0.01657803 0.03070362 0.05157321 0.0778053 ],[0.00768226 0.01837586 0.0359851  0.05217109],[ 4.871457  9.068592 15.056849 22.921638],[ 2.1124585  5.91366   10.690415  15.644495 ],[8.298128 8.278238 8.253731 8.227401],[0.26112792 0.291505   0.32615975 0.35398024],[8.314291 8.305841 8.296564 8.287483],[0.25759736 0.28634158 0.31637365 0.34177953]
DDK8,A,3e-08,1,False,False,TDD,vanilla,20,[0.00383529 0.00418784 0.00488481 0.00624693],[0.00192469 0.0021683  0.00343103 0.00477058],[0.837678   0.90974736 0.97605413 1.1855547 ],[0.19860177 0.21662913 0.24264507 0.32652584],[8.329931 8.328598 8.327183 8.325453],[0.19014706 0.19472483 0.19965796 0.2049389 ],[8.330993 8.329849 8.328677 8.327478],[0.19007084 0.19461922 0.19951843 0.20474008]
DDK8,A,3e-08,10,False,False,TDD,vanilla,20,[0.01817631 0.05051922 0.10072769 0.17475925],[0.02332159 0.07438582 0.14195737 0.3679044 ],[ 2.217149   5.6581645 12.195548  22.414003 ],[ 0.9990527  3.515861   9.0382    18.773603 ],[8.1961775 8.180892  8.156517  8.125855 ],[0.551524   0.61500514 0.6795968  0.7462149 ],[8.202797 8.202787 8.20477  8.210616],[0.5486622  0.603959   0.65337497 0.69756156]
DDK8,A,3e-08,30,False,False,TDD,vanilla,20,[0.14708655 0.26878756 0.45962468 0.6215321 ],[0.3716176  0.3119134  0.4259568  0.46864673],[ 11.083637  31.732779  73.76278  125.96916 ],[  7.88313   34.094353  74.688965 122.623604],[7.873377  7.787488  7.591744  7.2751946],[0.9859152 1.0750339 1.2163876 1.5136186],[7.9305916 7.937528  7.938669  7.9467754],[0.94080913 0.97129947 1.0151565  1.0446168 ]
DDK8,A,1e-07,1,False,False,TDD,vanilla,20,[0.01119678 0.01141964 0.01179146 0.01275603],[0.00113765 0.00122413 0.00175955 0.00274697],[3.2309084 3.231571  3.261888  3.398326 ],[1.1135509 1.1010052 1.1197746 1.1704811],[8.258474 8.259056 8.259644 8.259801],[0.51540595 0.51599365 0.51656014 0.5173006 ],[8.262489 8.263346 8.264196 8.265036],[0.5146195  0.5150341  0.5156064  0.51633507]
DDK8,A,1e-07,10,False,False,TDD,vanilla,20,[0.02292584 0.04521375 0.08320332 0.11310393],[0.01117857 0.03879043 0.12709749 0.09333117],[ 4.7111764  7.528318  12.648296  20.900667 ],[ 1.5449594  3.4069815  7.8293343 15.814661 ],[8.133459 8.121572 8.100703 8.073582],[0.6272003  0.6756215  0.72816813 0.7818854 ],[8.144523 8.146372 8.146507 8.145758],[0.6222944 0.6648694 0.7096781 0.7541992]
DDK8,A,1e-07,30,False,False,TDD,vanilla,20,[0.09750158 0.30516565 0.41893196 0.61334354],[0.16325794 1.0931327  0.53800833 0.45038655],[ 13.19491  34.46575  75.41816 124.88734],[  7.862797  39.444935  82.80917  121.44373 ],[8.01842   7.9010963 7.6173077 7.2596803],[1.0058326 1.1059769 1.3458012 1.4589316],[8.072836  8.0405245 7.9876432 7.931781 ],[0.9680374 1.0242085 1.0625325 1.0865595]
DDK8,A,3e-07,1,False,False,TDD,vanilla,20,[0.00571615 0.00611478 0.00635704 0.00682544],[0.00305238 0.0029993  0.00300021 0.00301889],[1.5144337 1.5979073 1.6446011 1.7366424],[0.91362816 0.8999024  0.8957317  0.890822  ],[8.208294 8.209374 8.210448 8.211322],[0.35373873 0.3548843  0.35614693 0.35748807],[8.213685 8.214922 8.216152 8.217376],[0.35320455 0.35431996 0.3555505  0.35689354]
DDK8,A,3e-07,10,False,False,TDD,vanilla,20,[0.0137712  0.02863876 0.05244399 0.08537038],[0.00712816 0.01854877 0.03669247 0.06541777],[ 2.907478   5.4765778  9.977317  17.07201  ],[ 1.5382051  2.8739579  6.0677114 12.800192 ],[8.158651 8.148352 8.129458 8.106338],[0.6213693  0.67297566 0.72609794 0.7765819 ],[8.171758 8.174995 8.178912 8.18387 ],[0.61714435 0.66222095 0.70273554 0.73701555]
DDK8,A,3e-07,30,False,False,TDD,vanilla,20,[0.05283145 0.12606126 0.27879018 0.46202347],[0.04574564 0.12318213 0.28337136 0.40446013],[  8.81032   23.430706  56.79848  107.48095 ],[  4.9186664  23.420414   58.073708  105.95917  ],[7.9970455 7.9474993 7.8038244 7.5447984],[0.93312067 1.0110805  1.1709844  1.3975695 ],[8.039328 8.043646 8.03752  8.038265],[0.90889144 0.95316565 1.0154774  1.050955  ]
DDK8,C,3e-08,1,False,False,TDD,vanilla,20,[0.00646754 0.00737494 0.00896834 0.01211135],[0.00227947 0.00284397 0.00460419 0.00762666],[1.0718548 1.1619027 1.2584366 1.5624164],[0.22905701 0.2371163  0.260185   0.38688734],[8.318187 8.318644 8.318946 8.318632],[0.1316551  0.13413295 0.13700198 0.14029494],[8.320241 8.321053 8.321877 8.322711],[0.1314964  0.13392694 0.13672413 0.13986447]
DDK8,C,3e-08,10,False,False,TDD,vanilla,20,[0.02568406 0.08529904 0.19706541 0.30218774],[0.02393718 0.10273158 0.23313387 0.27042213],[ 3.1497324 10.4154625 27.533958  53.025238 ],[ 1.7752851  9.385128  26.99672   49.63103  ],[8.202544 8.155367 8.076149 7.961031],[0.43947572 0.4936956  0.583664   0.70814717],[8.214156 8.200949 8.206897 8.228696],[0.43586653 0.47545165 0.5107417  0.53240734]
DDK8,C,3e-08,30,False,False,TDD,vanilla,20,[0.2756603 0.6573009 0.8304571 0.9361771],[0.30718896 0.5785294  0.73807997 0.59366244],[ 42.27213 119.55773 173.42813 201.48907],[ 42.589783 103.55483  120.62287  117.005554],[8.057515  7.489896  6.924754  6.6234245],[0.6941378 1.1075971 1.3881708 1.5012319],[8.26459   8.2423935 8.200481  8.146262 ],[0.59722245 0.63432664 0.6843038  0.7340101 ]
DDK8,C,1e-07,1,False,False,TDD,vanilla,20,[0.00933399 0.00978243 0.01036633 0.01157256],[0.00174616 0.00187138 0.00216698 0.00280688],[2.473064  2.5437846 2.630782  2.8603425],[0.4461433  0.4511507  0.47574082 0.5551956 ],[8.278591 8.277344 8.27586  8.273857],[0.20136537 0.20354165 0.20591573 0.20846018],[8.287666  8.286729  8.285783  8.2848215],[0.20094848 0.20314613 0.20554835 0.20814276]
DDK8,C,1e-07,10,False,False,TDD,vanilla,20,[0.02247586 0.05574018 0.11909409 0.20969051],[0.01006269 0.04079497 0.09403073 0.15735836],[ 5.046028 12.257    28.067749 52.533623],[ 2.2662575 11.6921625 32.03385   56.8749   ],[8.209036  8.176311  8.108757  7.9969244],[0.40791073 0.4461087  0.48516852 0.5375463 ],[8.228059 8.225114 8.221141 8.218307],[0.4063242  0.44373652 0.4743657  0.49637356]
DDK8,C,1e-07,30,False,False,TDD,vanilla,20,[0.16329601 0.3968601  0.5794158  0.71658206],[0.14623007 0.2597884  0.28628716 0.27249917],[ 33.63522  95.72751 146.92831 193.21661],[ 31.803713  85.22274  114.56829  134.57697 ],[8.045797  7.666846  7.2853518 6.799717 ],[0.6314036  0.76849365 0.9237498  1.30488   ],[8.210542 8.202722 8.19268  8.180748],[0.5592177  0.55600965 0.5821842  0.64674735]
DDK8,C,3e-07,1,False,False,TDD,vanilla,20,[0.00967297 0.01000121 0.01041323 0.01116322],[0.00150638 0.00152757 0.00158897 0.00184496],[2.8857203 2.9574828 3.0649579 3.2467306],[0.51883787 0.5219413  0.5319405  0.5649504 ],[8.304304 8.304056 8.303676 8.302807],[0.12797801 0.12925537 0.13081026 0.13265078],[8.30922  8.309395 8.309544 8.309666],[0.12782563 0.12907478 0.13059264 0.132371  ]
DDK8,C,3e-07,10,False,False,TDD,vanilla,20,[0.01946754 0.03833811 0.07589885 0.13527532],[0.00727563 0.02409121 0.05614932 0.10091662],[ 5.178545  9.875965 19.608967 36.003628],[ 1.6369652  5.7477517 14.752068  29.027885 ],[8.235848 8.205627 8.155132 8.077313],[0.34066492 0.37924117 0.4220336  0.47351867],[8.250104 8.243475 8.238306 8.233626],[0.33855358 0.37196392 0.40309045 0.43264046]
DDK8,C,3e-07,30,False,False,TDD,vanilla,20,[0.12241409 0.32470554 0.47707924 0.58894527],[0.10575708 0.25442368 0.29565167 0.2723432 ],[ 29.42658  83.38741 131.20302 173.7131 ],[ 24.788137  65.85997   84.530334 101.48482 ],[8.104238 7.731605 7.458095 7.167084],[0.59187376 0.9769684  1.1211004  1.262845  ],[8.243394  8.2595005 8.280929  8.2970915],[0.5275148  0.56576973 0.5995795  0.6289665 ]
DDK8,D,3e-08,1,False,False,TDD,vanilla,20,[0.00127871 0.00150156 0.00162811 0.0020099 ],[0.0005493  0.00067611 0.00079024 0.00096532],[0.3632229  0.42514366 0.45594856 0.55970514],[0.12562573 0.15458596 0.17749259 0.21242046],[8.313182 8.312917 8.31271  8.312323],[0.16907997 0.1694297  0.16984339 0.17032894],[8.314398 8.314319 8.314234 8.314145],[0.1689577  0.1692839  0.16965668 0.17007592]
DDK8,D,3e-08,10,False,False,TDD,vanilla,20,[0.00315781 0.00628879 0.01077811 0.01752627],[0.00163292 0.00402009 0.00778552 0.0133405 ],[0.9201808 1.8363502 3.1679416 5.209177 ],[0.46455303 1.1765509  2.3698     4.0701714 ],[8.313122  8.3108425 8.307862  8.304076 ],[0.22094612 0.23027244 0.23947531 0.24931589],[8.316226 8.317209 8.319232 8.322231],[0.22064124 0.22971565 0.23861213 0.24789669]
DDK8,D,3e-08,30,False,False,TDD,vanilla,20,[0.01560648 0.03943212 0.0721902  0.1135155 ],[0.0132822  0.03970177 0.07160123 0.1050349 ],[ 4.3522234 10.967721  20.268219  32.353466 ],[ 3.5200593 11.426634  20.963629  31.334133 ],[8.264017 8.225765 8.186832 8.140656],[0.31912687 0.34164032 0.365666   0.41770983],[8.279626 8.265633 8.254636 8.245803],[0.3149234  0.33140603 0.3475315  0.37491977]
DDK8,D,1e-07,1,False,False,TDD,vanilla,20,[0.0016201  0.0018996  0.0020511  0.00254931],[0.00061117 0.00074016 0.00077341 0.00089171],[0.48379615 0.5659319  0.6091663  0.7562359 ],[0.17821229 0.21579136 0.22385648 0.257554  ],[8.306835 8.306795 8.306836 8.306665],[0.04591805 0.04713505 0.0484501  0.04986195],[8.30858  8.308749 8.308917 8.309082],[0.04570846 0.04691132 0.04821616 0.04961289]
DDK8,D,1e-07,10,False,False,TDD,vanilla,20,[0.00347249 0.00634681 0.01004136 0.01506682],[0.00126067 0.00280634 0.00517957 0.00849146],[1.0258888 1.8601493 2.9236023 4.406114 ],[0.3700534  0.78669953 1.4583042  2.4422596 ],[8.298576 8.296041 8.2927   8.288216],[0.14449406 0.16343518 0.18209262 0.2002383 ],[8.302197 8.302738 8.303449 8.304353],[0.14413556 0.16243479 0.18018848 0.19722274]
DDK8,D,1e-07,30,False,False,TDD,vanilla,20,[0.0142427  0.03274866 0.05913848 0.09767106],[0.00899813 0.02541694 0.04715106 0.08164915],[ 4.2221346  9.738334  17.428492  28.27807  ],[ 2.675289  8.011973 14.149393 20.903877],[8.292955 8.276758 8.255076 8.227793],[0.29214936 0.3232746  0.3559167  0.40158767],[8.307436 8.310596 8.312113 8.31137 ],[0.28931206 0.31602684 0.33770058 0.35521185]
DDK8,D,3e-07,1,False,False,TDD,vanilla,20,[0.00327841 0.00370977 0.00389674 0.00456323],[0.00154129 0.00166875 0.00174067 0.00185165],[0.9700685 1.0985186 1.1522354 1.3489919],[0.45094517 0.48821983 0.50913024 0.5420117 ],[8.300706 8.300427 8.300265 8.299795],[0.02179566 0.02329748 0.02493314 0.02667556],[8.304571 8.304598 8.304624 8.304644],[0.02125929 0.02278931 0.02444145 0.02619203]
DDK8,D,3e-07,10,False,False,TDD,vanilla,20,[0.00632824 0.00966278 0.01344487 0.01878044],[0.00280848 0.00422654 0.00617164 0.008981  ],[1.8628383 2.8482828 3.9542902 5.5274134],[0.8241981 1.2388461 1.7933614 2.6120381],[8.284956 8.28138  8.277613 8.273135],[0.13641433 0.15559904 0.17483382 0.1940936 ],[8.291802 8.291453 8.291422 8.291797],[0.13622427 0.15536554 0.17447104 0.193445  ]
DDK8,D,3e-07,30,False,False,TDD,vanilla,20,[0.01504858 0.02904437 0.04996372 0.07644066],[0.00739897 0.01831461 0.03641416 0.05387179],[ 4.432325   8.573068  14.5528145 22.500378 ],[ 2.0996447  5.852428  10.6708145 16.031681 ],[8.300185 8.280424 8.255985 8.229175],[0.26049852 0.2911341  0.32593524 0.35398036],[8.314291 8.305841 8.296564 8.287483],[0.25759736 0.28634158 0.31637365 0.34177953]
DDK8,A,3e-08,1,False,False,TDD,vanilla,25,[0.0032609  0.00365787 0.00446923 0.0059653 ],[0.00143521 0.00176049 0.00288777 0.00429577],[0.7640231 0.8382037 0.9501798 1.1851182],[0.19397898 0.20174111 0.23552676 0.3238408 ],[8.330297 8.329015 8.327584 8.325861],[0.19012669 0.1947118  0.19965631 0.2049491 ],[8.330993 8.329849 8.328677 8.327478],[0.19007084 0.19461922 0.19951843 0.20474008]
DDK8,A,3e-08,10,False,False,TDD,vanilla,25,[0.01711711 0.04821243 0.09722628 0.17448741],[0.02443888 0.07405552 0.13462234 0.38342193],[ 2.0431414  5.408698  11.885172  21.999626 ],[ 0.9525186  3.414033   8.935882  18.653673 ],[8.196873 8.181886 8.157749 8.127379],[0.5512253  0.6143278  0.67853844 0.74462724],[8.202797 8.202787 8.20477  8.210616],[0.5486622  0.603959   0.65337497 0.69756156]
DDK8,A,3e-08,30,False,False,TDD,vanilla,25,[0.1453295  0.26662982 0.45643136 0.61795807],[0.3687963 0.3130907 0.4219044 0.4672281],[ 10.908156  31.426033  73.52613  125.73637 ],[  7.852314  33.965553  74.635155 122.680145],[7.8745394 7.78908   7.594245  7.2810435],[0.9851353 1.0750873 1.2143389 1.507421 ],[7.9305916 7.937528  7.938669  7.9467754],[0.94080913 0.97129947 1.0151565  1.0446168 ]
DDK8,A,1e-07,1,False,False,TDD,vanilla,25,[0.01065122 0.01082711 0.01129613 0.01217926],[0.00097717 0.00102493 0.00143964 0.00236731],[3.1420014 3.1265008 3.1690872 3.28249  ],[1.083532  1.062002  1.0672822 1.1029525],[8.258972 8.259695 8.260268 8.260491],[0.51537913 0.5159415  0.51658046 0.51736885],[8.262489 8.263346 8.264196 8.265036],[0.5146195  0.5150341  0.5156064  0.51633507]
DDK8,A,1e-07,10,False,False,TDD,vanilla,25,[0.02140757 0.04343645 0.08336587 0.11166054],[0.01033324 0.03809506 0.14180644 0.09338915],[ 4.470245  7.231057 12.380889 20.692083],[ 1.5033867  3.3564718  7.8833103 15.992407 ],[8.134712  8.12323   8.102359  8.0753355],[0.62675965 0.6750124  0.7276377  0.7815055 ],[8.144523 8.146372 8.146507 8.145758],[0.6222944 0.6648694 0.7096781 0.7541992]
DDK8,A,1e-07,30,False,False,TDD,vanilla,25,[0.09522902 0.30398875 0.41601315 0.6131058 ],[0.15610582 1.0950007  0.5303594  0.45561343],[ 12.940113  34.166992  75.035614 124.61355 ],[  7.842298  39.403965  82.72913  121.332596],[8.020055  7.903255  7.6216664 7.263487 ],[1.0046798 1.1045426 1.3416827 1.4579581],[8.072836  8.0405245 7.9876432 7.931781 ],[0.9680374 1.0242085 1.0625325 1.0865595]
DDK8,A,3e-07,1,False,False,TDD,vanilla,25,[0.00529899 0.00559054 0.00580194 0.00623427],[0.0030191  0.002952   0.00295379 0.00294132],[1.4252448 1.4819276 1.5233859 1.6043571],[0.90408367 0.8850114  0.883833   0.8756999 ],[8.208789 8.210007 8.211109 8.21207 ],[0.35369736 0.35483587 0.35610527 0.35742894],[8.213685 8.214922 8.216152 8.217376],[0.35320455 0.35431996 0.3555505  0.35689354]
DDK8,A,3e-07,10,False,False,TDD,vanilla,25,[0.01244051 0.02678601 0.05028502 0.08303963],[0.00642295 0.01740076 0.03506984 0.06317148],[ 2.69417    5.1759386  9.653101  16.786488 ],[ 1.5150805  2.8292198  6.0499496 12.827441 ],[8.16006  8.150495 8.131974 8.109455],[0.62063324 0.67160136 0.72431815 0.77424765],[8.171758 8.174995 8.178912 8.18387 ],[0.61714435 0.66222095 0.70273554 0.73701555]
DDK8,A,3e-07,30,False,False,TDD,vanilla,25,[0.05159739 0.1237385  0.27636898 0.4589071 ],[0.04511274 0.12115684 0.28317434 0.40141657],[  8.611397  23.089993  56.383858 107.099396],[  4.901007  23.438454  58.18487  106.10705 ],[7.998522 7.950197 7.807989 7.550265],[0.93201214 1.0088621  1.1674569  1.39211   ],[8.039328 8.043646 8.03752  8.038265],[0.90889144 0.95316565 1.0154774  1.050955  ]
DDK8,C,3e-08,1,False,False,TDD,vanilla,25,[0.00559416 0.00648844 0.00828089 0.01150626],[0.00189871 0.0024731  0.00428948 0.0073366 ],[0.9945012 1.0788219 1.2158265 1.5296687],[0.22922933 0.23111203 0.2511298  0.36340046],[8.318585 8.319117 8.319383 8.31911 ],[0.13163778 0.13411477 0.13699266 0.1402635 ],[8.320241 8.321053 8.321877 8.322711],[0.1314964  0.13392694 0.13672413 0.13986447]
DDK8,C,3e-08,10,False,False,TDD,vanilla,25,[0.02377885 0.08226841 0.19485575 0.3019694 ],[0.02326352 0.10177598 0.23696852 0.27505586],[ 2.9327347 10.108206  27.196867  52.681953 ],[ 1.7269603  9.311808  26.963236  49.585968 ],[8.203433  8.156543  8.07764   7.9631433],[0.4392635  0.49353004 0.5836369  0.7088187 ],[8.214156 8.200949 8.206897 8.228696],[0.43586653 0.47545165 0.5107417  0.53240734]
DDK8,C,3e-08,30,False,False,TDD,vanilla,25,[0.27572757 0.6571743  0.83201116 0.9372387 ],[0.30904984 0.57888234 0.7404548  0.5983126 ],[ 42.08513 119.47228 173.32936 201.45807],[ 42.6067  103.76614 120.79531 117.19773],[8.057982  7.489154  6.9238086 6.622743 ],[0.69436276 1.11002    1.3918402  1.5066125 ],[8.26459   8.2423935 8.200481  8.146262 ],[0.59722245 0.63432664 0.6843038  0.7340101 ]
DDK8,C,1e-07,1,False,False,TDD,vanilla,25,[0.00880469 0.00919572 0.00985062 0.01101393],[0.00168246 0.00178249 0.00203143 0.00261246],[2.383791  2.4382162 2.5379064 2.753687 ],[0.43931863 0.43812907 0.45139542 0.51937926],[8.279078 8.27794  8.276395 8.274495],[0.20134634 0.20352805 0.20592478 0.2084811 ],[8.287666  8.286729  8.285783  8.2848215],[0.20094848 0.20314613 0.20554835 0.20814276]
DDK8,C,1e-07,10,False,False,TDD,vanilla,25,[0.02101098 0.05369342 0.11667994 0.2071675 ],[0.00981019 0.04081814 0.09435868 0.15752065],[ 4.780962 11.873182 27.606777 52.063995],[ 2.2137122 11.547474  31.898148  56.815502 ],[8.2104025 8.178384  8.111577  8.000501 ],[0.40755898 0.44566    0.48469064 0.537068  ],[8.228059 8.225114 8.221141 8.218307],[0.4063242  0.44373652 0.4743657  0.49637356]
DDK8,C,1e-07,30,False,False,TDD,vanilla,25,[0.16200666 0.3960562  0.57882714 0.7164923 ],[0.14675438 0.2606407  0.28823984 0.27426922],[ 33.408707  95.52681  146.6745   192.96883 ],[ 31.88531  85.35628 114.56602 134.56747],[8.046918  7.6685905 7.2875056 6.801513 ],[0.63109237 0.7673046  0.9236615  1.3064134 ],[8.210542 8.202722 8.19268  8.180748],[0.5592177  0.55600965 0.5821842  0.64674735]
DDK8,C,3e-07,1,False,False,TDD,vanilla,25,[0.00923109 0.00943233 0.00983382 0.01051279],[0.00148395 0.0014957  0.00152768 0.00171256],[2.7793882 2.8184557 2.9257429 3.0911744],[0.51254296 0.5137494  0.5239594  0.55228883],[8.304825 8.30474  8.304355 8.303558],[0.12795892 0.12923466 0.13079017 0.13262711],[8.30922  8.309395 8.309544 8.309666],[0.12782563 0.12907478 0.13059264 0.132371  ]
DDK8,C,3e-07,10,False,False,TDD,vanilla,25,[0.01808998 0.03587501 0.07260688 0.13204904],[0.00686971 0.02316676 0.05521319 0.10057855],[ 4.868409  9.299402 18.824677 35.221092],[ 1.5822197  5.553887  14.556052  29.001862 ],[8.237454 8.208807 8.160068 8.083904],[0.3403474  0.37855896 0.4210396  0.47238985],[8.250104 8.243475 8.238306 8.233626],[0.33855358 0.37196392 0.40309045 0.43264046]
DDK8,C,3e-07,30,False,False,TDD,vanilla,25,[0.12132596 0.32360867 0.47594017 0.58759993],[0.10564104 0.25506976 0.2966111  0.27334982],[ 29.179546  83.15151  130.92758  173.39438 ],[ 24.809422  66.02758   84.71063  101.684875],[8.105724  7.733147  7.459724  7.1704035],[0.5910249 0.9757942 1.1216042 1.2629606],[8.243394  8.2595005 8.280929  8.2970915],[0.5275148  0.56576973 0.5995795  0.6289665 ]
DDK8,D,3e-08,1,False,False,TDD,vanilla,25,[0.00109018 0.00132807 0.00150687 0.0019249 ],[0.00053339 0.0006691  0.00078417 0.00094771],[0.3089406  0.37491953 0.42076674 0.53543985],[0.12480547 0.15641391 0.17897244 0.21105835],[8.313452 8.313199 8.312939 8.312511],[0.16905296 0.16940372 0.16983187 0.17031741],[8.314398 8.314319 8.314234 8.314145],[0.1689577  0.1692839  0.16965668 0.17007592]
DDK8,D,3e-08,10,False,False,TDD,vanilla,25,[0.00279896 0.00588732 0.01028899 0.01696905],[0.00152029 0.00385644 0.00752127 0.01307941],[0.81743926 1.719828   3.0263453  5.0470185 ],[0.43395784 1.1238924  2.2933588  4.0017056 ],[8.313715  8.311551  8.308649  8.3048935],[0.2208727  0.23017444 0.23932984 0.24908492],[8.316226 8.317209 8.319232 8.322231],[0.22064124 0.22971565 0.23861213 0.24789669]
DDK8,D,3e-08,30,False,False,TDD,vanilla,25,[0.01518521 0.03911116 0.07182495 0.11319709],[0.01318004 0.03957595 0.07179046 0.10505395],[ 4.2321486 10.881722  20.14647   32.254417 ],[ 3.5134854 11.412151  20.965513  31.35304  ],[8.264628 8.22638  8.187375 8.141143],[0.31905195 0.3413538  0.3657097  0.4177415 ],[8.279626 8.265633 8.254636 8.245803],[0.3149234  0.33140603 0.3475315  0.37491977]
DDK8,D,1e-07,1,False,False,TDD,vanilla,25,[0.00141353 0.00170061 0.00188159 0.00239088],[0.00060438 0.00074801 0.00077439 0.00089374],[0.4224561  0.5062731  0.55793405 0.7081044 ],[0.17551516 0.2166795  0.22281425 0.25708878],[8.307126 8.307094 8.30706  8.306869],[0.04592388 0.04714787 0.04847608 0.04989685],[8.30858  8.308749 8.308917 8.309082],[0.04570846 0.04691132 0.04821616 0.04961289]
DDK8,D,1e-07,10,False,False,TDD,vanilla,25,[0.0030241  0.00580469 0.00942262 0.01432879],[0.00117015 0.00264359 0.00497934 0.00834917],[0.8958854 1.7020607 2.738732  4.18473  ],[0.3468762  0.74465454 1.4031674  2.40569   ],[8.299286 8.296922 8.293653 8.28926 ],[0.14442264 0.16330867 0.1819694  0.20013654],[8.302197 8.302738 8.303449 8.304353],[0.14413556 0.16243479 0.18018848 0.19722274]
DDK8,D,1e-07,30,False,False,TDD,vanilla,25,[0.01373974 0.0323533  0.05843826 0.09698739],[0.00903473 0.0255492  0.0471601  0.08107667],[ 4.077656  9.626262 17.231953 28.099941],[ 2.677997  8.044794 14.156827 20.843193],[8.29369  8.277512 8.256106 8.228972],[0.29199943 0.3231465  0.3554671  0.40023783],[8.307436 8.310596 8.312113 8.31137 ],[0.28931206 0.31602684 0.33770058 0.35521185]
DDK8,D,3e-07,1,False,False,TDD,vanilla,25,[0.00309491 0.00358483 0.00390325 0.00458563],[0.00154597 0.00168353 0.00178875 0.00188939],[0.91545403 1.0605367  1.1524436  1.3539395 ],[0.45239046 0.49249324 0.5231417  0.55324286],[8.300963 8.300655 8.300331 8.299836],[0.02179673 0.02330597 0.02495072 0.02667804],[8.304571 8.304598 8.304624 8.304644],[0.02125929 0.02278931 0.02444145 0.02619203]
DDK8,D,3e-07,10,False,False,TDD,vanilla,25,[0.00567288 0.00891841 0.01267206 0.01792325],[0.0027025  0.00407236 0.00589207 0.00874112],[1.6723552 2.6308172 3.727705  5.275016 ],[0.7948837 1.1962007 1.718282  2.5544536],[8.285839  8.282431  8.278738  8.2743435],[0.13635837 0.1555582  0.17476457 0.19398506],[8.291802 8.291453 8.291422 8.291797],[0.13622427 0.15536554 0.17447104 0.193445  ]
DDK8,D,3e-07,30,False,False,TDD,vanilla,25,[0.01433347 0.02845267 0.04924232 0.07573813],[0.00729189 0.01849579 0.0365226  0.05422981],[ 4.2301064  8.41082   14.345599  22.310436 ],[ 2.0997462  5.9254913 10.660236  16.176085 ],[8.301155 8.281385 8.257099 8.230175],[0.26025945 0.29092178 0.32572395 0.35353526],[8.314291 8.305841 8.296564 8.287483],[0.25759736 0.28634158 0.31637365 0.34177953]
