angle_index,angle_rad,median,q25,q75,p05,p95,mean,n_rows,family,seed,checkpoint_sha256,stride,grid,statistic
0,3.1415927410125732,4.9394917488098145,4.026158928871155,6.064538359642029,2.0239392876625057,7.750545620918275,5.040690879914219,86400,reported,42,5f262c4ed6762b56fd7c67fc65428e840c97f87bb8c6689097135e39944093f4,1,"Z1: 257 angles uniform on [-pi, pi], unit circle","P_X v_N(z) - u_T(z), L2 over the T horizons, quantiles over rows"
1,-3.117048978805542,4.926869630813599,4.053569912910461,6.0033992528915405,2.031027579307556,7.6657835960388185,5.012030797255812,86400,reported,42,5f262c4ed6762b56fd7c67fc65428e840c97f87bb8c6689097135e39944093f4,1,"Z1: 257 angles uniform on [-pi, pi], unit circle","P_X v_N(z) - u_T(z), L2 over the T horizons, quantiles over rows"
2,-3.09250545501709,4.867760181427002,4.036160230636597,5.89042866230011,2.0626893162727353,7.510853576660157,4.937959600001298,86400,reported,42,5f262c4ed6762b56fd7c67fc65428e840c97f87bb8c6689097135e39944093f4,1,"Z1: 257 angles uniform on [-pi, pi], unit circle","P_X v_N(z) - u_T(z), L2 over the T horizons, quantiles over rows"
3,-3.0679616928100586,4.766990661621094,3.989185333251953,5.725786924362183,2.0986835956573486,7.293126821517944,4.82399806369303,86400,reported,42,5f262c4ed6762b56fd7c67fc65428e840c97f87bb8c6689097135e39944093f4,1,"Z1: 257 angles uniform on [-pi, pi], unit circle","P_X v_N(z) - u_T(z), L2 over the T horizons, quantiles over rows"
4,-3.0434179306030273,4.648655414581299,3.923097789287567,5.52362847328186,2.1058115720748902,7.00821328163147,4.678989453161894,86400,reported,42,5f262c4ed6762b56fd7c67fc65428e840c97f87bb8c6689097135e39944093f4,1,"Z1: 257 angles uniform on [-pi, pi], unit circle","P_X v_N(z) - u_T(z), L2 over the T horizons, quantiles over rows"
5,-3.018874168395996,4.508079767227173,3.844247341156006,5.294958710670471,2.133742606639862,6.649064469337463,4.514236382588882,86400,reported,42,5f262c4ed6762b56fd7c67fc65428e840c97f87bb8c6689097135e39944093f4,1,"Z1: 257 angles uniform on [-pi, pi], unit circle","P_X v_N(z) - u_T(z), L2 over the T horizons, quantiles over rows"
6,-2.994330644607544,4.349977493286133,3.7665831446647644,5.052435278892517,2.1248831272125246,6.24032895565033,4.341799655614627,86400,reported,42,5f262c4ed6762b56fd7c67fc65428e840c97f87bb8c6689097135e39944093f4,1,"Z1: 257 angles uniform on [-pi, pi], unit circle","P_X v_N(z) - u_T(z), L2 over the T horizons, quantiles over rows"
7,-2.9697868824005127,4.184710264205933,3.698681950569153,4.810866713523865,2.1142322421073914,5.822030186653137,4.172528029103522,86400,reported,42,5f262c4ed6762b56fd7c67fc65428e840c97f87bb8c6689097135e39944093f4,1,"Z1: 257 angles uniform on [-pi, pi], unit circle","P_X v_N(z) - u_T(z), L2 over the T horizons, quantiles over rows"
8,-2.9452431201934814,4.020029783248901,3.641883373260498,4.5626221895217896,2.126117706298828,5.4329749107360845,4.015096534990395,86400,reported,42,5f262c4ed6762b56fd7c67fc65428e840c97f87bb8c6689097135e39944093f4,1,"Z1: 257 angles uniform on [-pi, pi], unit circle","P_X v_N(z) - u_T(z), L2 over the T horizons, quantiles over rows"
9,-2.9206995964050293,3.8695874214172363,3.5851210355758667,4.340800762176514,2.131392502784729,5.18835780620575,3.876598098649195,86400,reported,42,5f262c4ed6762b56fd7c67fc65428e840c97f87bb8c6689097135e39944093f4,1,"Z1: 257 angles uniform on [-pi, pi], unit circle","P_X v_N(z) - u_T(z), L2 over the T horizons, quantiles over rows"
10,-2.896155834197998,3.7384421825408936,3.5000905990600586,4.174388766288757,2.1610113978385925,5.090932083129883,3.763932984098102,86400,reported,42,5f262c4ed6762b56fd7c67fc65428e840c97f87bb8c6689097135e39944093f4,1,"Z1: 257 angles uniform on [-pi, pi], unit circle","P_X v_N(z) - u_T(z), L2 over the T horizons, quantiles over rows"
11,-2.871612071990967,3.6342238187789917,3.3924078345298767,4.051890015602112,2.2047520160675047,5.180138802528381,3.6846623064501696,86400,reported,42,5f262c4ed6762b56fd7c67fc65428e840c97f87bb8c6689097135e39944093f4,1,"Z1: 257 angles uniform on [-pi, pi], unit circle","P_X v_N(z) - u_T(z), L2 over the T horizons, quantiles over rows"
12,-2.8470683097839355,3.577981472015381,3.2988491654396057,3.95158052444458,2.247755193710327,5.3306496143341064,3.6461678289635864,86400,reported,42,5f262c4ed6762b56fd7c67fc65428e840c97f87bb8c6689097135e39944093f4,1,"Z1: 257 angles uniform on [-pi, pi], unit circle","P_X v_N(z) - u_T(z), L2 over the T horizons, quantiles over rows"
13,-2.8225247859954834,3.577351927757263,3.2717130184173584,3.928873598575592,2.2999289631843567,5.45514988899231,3.6529889360835983,86400,reported,42,5f262c4ed6762b56fd7c67fc65428e840c97f87bb8c6689097135e39944093f4,1,"Z1: 257 angles uniform on [-pi, pi], unit circle","P_X v_N(z) - u_T(z), L2 over the T horizons, quantiles over rows"
14,-2.797981023788452,3.6323853731155396,3.3130295276641846,3.9971803426742554,2.3565145134925842,5.514611148834229,3.704013168849051,86400,reported,42,5f262c4ed6762b56fd7c67fc65428e840c97f87bb8c6689097135e39944093f4,1,"Z1: 257 angles uniform on [-pi, pi], unit circle","P_X v_N(z) - u_T(z), L2 over the T horizons, quantiles over rows"
15,-2.773437261581421,3.733612060546875,3.407848298549652,4.143964648246765,2.419308662414551,5.490987300872804,3.79190423776844,86400,reported,42,5f262c4ed6762b56fd7c67fc65428e840c97f87bb8c6689097135e39944093f4,1,"Z1: 257 angles uniform on [-pi, pi], unit circle","P_X v_N(z) - u_T(z), L2 over the T horizons, quantiles over rows"
16,-2.7488937377929688,3.8682490587234497,3.5402656197547913,4.343307375907898,2.4690780162811277,5.394728183746339,3.9056143528498986,86400,reported,42,5f262c4ed6762b56fd7c67fc65428e840c97f87bb8c6689097135e39944093f4,1,"Z1: 257 angles uniform on [-pi, pi], unit circle","P_X v_N(z) - u_T(z), L2 over the T horizons, quantiles over rows"
17,-2.7243499755859375,4.02571702003479,3.685028851032257,4.5511634349823,2.526442289352417,5.338572764396668,4.033844599312654,86400,reported,42,5f262c4ed6762b56fd7c67fc65428e840c97f87bb8c6689097135e39944093f4,1,"Z1: 257 angles uniform on [-pi, pi], unit circle","P_X v_N(z) - u_T(z), L2 over the T horizons, quantiles over rows"
18,-2.6998062133789062,4.19745397567749,3.824390172958374,4.713678598403931,2.580703008174896,5.421108818054201,4.1672885008087315,86400,reported,42,5f262c4ed6762b56fd7c67fc65428e840c97f87bb8c6689097135e39944093f4,1,"Z1: 257 angles uniform on [-pi, pi], unit circle","P_X v_N(z) - u_T(z), L2 over the T horizons, quantiles over rows"
19,-2.675262451171875,4.3496668338775635,3.9386083483695984,4.8350372314453125,2.6257699728012085,5.626134371757508,4.299221864258525,86400,reported,42,5f262c4ed6762b56fd7c67fc65428e840c97f87bb8c6689097135e39944093f4,1,"Z1: 257 angles uniform on [-pi, pi], unit circle","P_X v_N(z) - u_T(z), L2 over the T horizons, quantiles over rows"
20,-2.650718927383423,4.475656747817993,3.9845256209373474,4.989354133605957,2.656454598903656,5.877210354804993,4.425123451505271,86400,reported,42,5f262c4ed6762b56fd7c67fc65428e840c97f87bb8c6689097135e39944093f4,1,"Z1: 257 angles uniform on [-pi, pi], unit circle","P_X v_N(z) - u_T(z), L2 over the T horizons, quantiles over rows"
21,-2.6261754035949707,4.595576047897339,3.9846023321151733,5.165378451347351,2.6732895612716674,6.098021531105042,4.541800145259886,86400,reported,42,5f262c4ed6762b56fd7c67fc65428e840c97f87bb8c6689097135e39944093f4,1,"Z1: 257 angles uniform on [-pi, pi], unit circle","P_X v_N(z) - u_T(z), L2 over the T horizons, quantiles over rows"
22,-2.6016314029693604,4.707697629928589,4.035320520401001,5.326901197433472,2.692429757118225,6.256667685508728,4.646203272945627,86400,reported,42,5f262c4ed6762b56fd7c67fc65428e840c97f87bb8c6689097135e39944093f4,1,"Z1: 257 angles uniform on [-pi, pi], unit circle","P_X v_N(z) - u_T(z), L2 over the T horizons, quantiles over rows"
23,-2.577087879180908,4.799674987792969,4.144609451293945,5.453254222869873,2.735275089740753,6.331354022026062,4.734131141182173,86400,reported,42,5f262c4ed6762b56fd7c67fc65428e840c97f87bb8c6689097135e39944093f4,1,"Z1: 257 angles uniform on [-pi, pi], unit circle","P_X v_N(z) - u_T(z), L2 over the T horizons, quantiles over rows"
24,-2.552544116973877,4.861121654510498,4.284927248954773,5.526216983795166,2.80254271030426,6.329598903656006,4.799477238522636,86400,reported,42,5f262c4ed6762b56fd7c67fc65428e840c97f87bb8c6689097135e39944093f4,1,"Z1: 257 angles uniform on [-pi, pi], unit circle","P_X v_N(z) - u_T(z), L2 over the T horizons, quantiles over rows"
25,-2.5280003547668457,4.886397361755371,4.400834798812866,5.538944959640503,2.9000253558158873,6.280517959594727,4.834656350677488,86400,reported,42,5f262c4ed6762b56fd7c67fc65428e840c97f87bb8c6689097135e39944093f4,1,"Z1: 257 angles uniform on [-pi, pi], unit circle","P_X v_N(z) - u_T(z), L2 over the T horizons, quantiles over rows"
26,-2.5034570693969727,4.865621566772461,4.420508027076721,5.489824652671814,2.9838940382003782,6.221125149726868,4.832234534633656,86400,reported,42,5f262c4ed6762b56fd7c67fc65428e840c97f87bb8c6689097135e39944093f4,1,"Z1: 257 angles uniform on [-pi, pi], unit circle","P_X v_N(z) - u_T(z), L2 over the T horizons, quantiles over rows"
27,-2.4789130687713623,4.780877590179443,4.354712247848511,5.39798891544342,3.019503378868103,6.1910518407821655,4.786767470317859,86400,reported,42,5f262c4ed6762b56fd7c67fc65428e840c97f87bb8c6689097135e39944093f4,1,"Z1: 257 angles uniform on [-pi, pi], unit circle","P_X v_N(z) - u_T(z), L2 over the T horizons, quantiles over rows"
28,-2.45436954498291,4.627288341522217,4.217290639877319,5.26999568939209,3.010695779323578,6.286571121215821,4.696176753986489,86400,reported,42,5f262c4ed6762b56fd7c67fc65428e840c97f87bb8c6689097135e39944093f4,1,"Z1: 257 angles uniform on [-pi, pi], unit circle","P_X v_N(z) - u_T(z), L2 over the T horizons, quantiles over rows"
29,-2.4298255443573,4.398798942565918,3.9830049872398376,5.138230800628662,2.952401649951935,6.497678947448731,4.562552320758502,86400,reported,42,5f262c4ed6762b56fd7c67fc65428e840c97f87bb8c6689097135e39944093f4,1,"Z1: 257 angles uniform on [-pi, pi], unit circle","P_X v_N(z) - u_T(z), L2 over the T horizons, quantiles over rows"
30,-2.4052820205688477,4.11836314201355,3.6582042574882507,5.014989137649536,2.8429446458816527,6.6773744344711305,4.3927643500420235,86400,reported,42,5f262c4ed6762b56fd7c67fc65428e840c97f87bb8c6689097135e39944093f4,1,"Z1: 257 angles uniform on [-pi, pi], unit circle","P_X v_N(z) - u_T(z), L2 over the T horizons, quantiles over rows"
31,-2.3807382583618164,3.834114193916321,3.26526540517807,4.906432509422302,2.670579123497009,6.829111671447754,4.199102136058112,86400,reported,42,5f262c4ed6762b56fd7c67fc65428e840c97f87bb8c6689097135e39944093f4,1,"Z1: 257 angles uniform on [-pi, pi], unit circle","P_X v_N(z) - u_T(z), L2 over the T horizons, quantiles over rows"
32,-2.356194496154785,3.556143045425415,2.8832200169563293,4.850301623344421,2.4377677917480467,6.945601415634156,4.0001949994473,86400,reported,42,5f262c4ed6762b56fd7c67fc65428e840c97f87bb8c6689097135e39944093f4,1,"Z1: 257 angles uniform on [-pi, pi], unit circle","P_X v_N(z) - u_T(z), L2 over the T horizons, quantiles over rows"
33,-2.331650972366333,3.287883162498474,2.5858834981918335,4.814096570014954,2.162177789211273,6.995069718360901,3.8212760279079276,86400,reported,42,5f262c4ed6762b56fd7c67fc65428e840c97f87bb8c6689097135e39944093f4,1,"Z1: 257 angles uniform on [-pi, pi], unit circle","P_X v_N(z) - u_T(z), L2 over the T horizons, quantiles over rows"
34,-2.3071072101593018,3.0691460371017456,2.4131950736045837,4.799756407737732,2.02408789396286,6.995111155509949,3.690050694030468,86400,reported,42,5f262c4ed6762b56fd7c67fc65428e840c97f87bb8c6689097135e39944093f4,1,"Z1: 257 angles uniform on [-pi, pi], unit circle","P_X v_N(z) - u_T(z), L2 over the T horizons, quantiles over rows"
35,-2.2825634479522705,2.9261727333068848,2.3236042261123657,4.792972564697266,2.062378740310669,6.9510091781616214,3.623886234947929,86400,reported,42,5f262c4ed6762b56fd7c67fc65428e840c97f87bb8c6689097135e39944093f4,1,"Z1: 257 angles uniform on [-pi, pi], unit circle","P_X v_N(z) - u_T(z), L2 over the T horizons, quantiles over rows"
36,-2.2580196857452393,2.9443628787994385,2.294973909854889,4.789217233657837,2.0459022760391234,6.88525116443634,3.620432200582215,86400,reported,42,5f262c4ed6762b56fd7c67fc65428e840c97f87bb8c6689097135e39944093f4,1,"Z1: 257 angles uniform on [-pi, pi], unit circle","P_X v_N(z) - u_T(z), L2 over the T horizons, quantiles over rows"
37,-2.233476161956787,3.106406807899475,2.29648220539093,4.808904647827148,2.045501637458801,6.810088205337526,3.665202163089481,86400,reported,42,5f262c4ed6762b56fd7c67fc65428e840c97f87bb8c6689097135e39944093f4,1,"Z1: 257 angles uniform on [-pi, pi], unit circle","P_X v_N(z) - u_T(z), L2 over the T horizons, quantiles over rows"
38,-2.208932399749756,3.382939338684082,2.355045735836029,4.8533618450164795,2.0529021263122558,6.7497731208801275,3.740719619107743,86400,reported,42,5f262c4ed6762b56fd7c67fc65428e840c97f87bb8c6689097135e39944093f4,1,"Z1: 257 angles uniform on [-pi, pi], unit circle","P_X v_N(z) - u_T(z), L2 over the T horizons, quantiles over rows"
39,-2.1843886375427246,3.590726852416992,2.443711519241333,4.939824104309082,2.103841471672058,6.715424966812134,3.8297791366651652,86400,reported,42,5f262c4ed6762b56fd7c67fc65428e840c97f87bb8c6689097135e39944093f4,1,"Z1: 257 angles uniform on [-pi, pi], unit circle","P_X v_N(z) - u_T(z), L2 over the T horizons, quantiles over rows"
40,-2.1598451137542725,3.693246364593506,2.551147997379303,5.041838526725769,2.17516633272171,6.701359057426453,3.91714510831361,86400,reported,42,5f262c4ed6762b56fd7c67fc65428e840c97f87bb8c6689097135e39944093f4,1,"Z1: 257 angles uniform on [-pi, pi], unit circle","P_X v_N(z) - u_T(z), L2 over the T horizons, quantiles over rows"
41,-2.135301351547241,3.7256520986557007,2.681886374950409,5.107183575630188,2.2630949139595034,6.678734636306764,3.991015696046115,86400,reported,42,5f262c4ed6762b56fd7c67fc65428e840c97f87bb8c6689097135e39944093f4,1,"Z1: 257 angles uniform on [-pi, pi], unit circle","P_X v_N(z) - u_T(z), L2 over the T horizons, quantiles over rows"
42,-2.11075758934021,3.738468885421753,2.8136385083198547,5.119631767272949,2.37329124212265,6.661477327346802,4.044012295429216,86400,reported,42,5f262c4ed6762b56fd7c67fc65428e840c97f87bb8c6689097135e39944093f4,1,"Z1: 257 angles uniform on [-pi, pi], unit circle","P_X v_N(z) - u_T(z), L2 over the T horizons, quantiles over rows"
43,-2.0862138271331787,3.7292693853378296,2.947829246520996,5.072334885597229,2.491480827331543,6.669210386276246,4.0735351311505115,86400,reported,42,5f262c4ed6762b56fd7c67fc65428e840c97f87bb8c6689097135e39944093f4,1,"Z1: 257 angles uniform on [-pi, pi], unit circle","P_X v_N(z) - u_T(z), L2 over the T horizons, quantiles over rows"
44,-2.0616703033447266,3.7035244703292847,3.082183003425598,4.968160390853882,2.529825758934021,6.643397641181946,4.081610100542505,86400,reported,42,5f262c4ed6762b56fd7c67fc65428e840c97f87bb8c6689097135e39944093f4,1,"Z1: 257 angles uniform on [-pi, pi], unit circle","P_X v_N(z) - u_T(z), L2 over the T horizons, quantiles over rows"
45,-2.0371265411376953,3.6820425987243652,3.2145463824272156,4.802143335342407,2.5096956491470337,6.5639895677566535,4.074336458572221,86400,reported,42,5f262c4ed6762b56fd7c67fc65428e840c97f87bb8c6689097135e39944093f4,1,"Z1: 257 angles uniform on [-pi, pi], unit circle","P_X v_N(z) - u_T(z), L2 over the T horizons, quantiles over rows"
46,-2.012582778930664,3.6882351636886597,3.355813145637512,4.596492052078247,2.425088846683502,6.4394637823104866,4.06087366030586,86400,reported,42,5f262c4ed6762b56fd7c67fc65428e840c97f87bb8c6689097135e39944093f4,1,"Z1: 257 angles uniform on [-pi, pi], unit circle","P_X v_N(z) - u_T(z), L2 over the T horizons, quantiles over rows"
47,-1.9880391359329224,3.731580138206482,3.521866500377655,4.382622003555298,2.332994484901428,6.275825262069702,4.052045395931022,86400,reported,42,5f262c4ed6762b56fd7c67fc65428e840c97f87bb8c6689097135e39944093f4,1,"Z1: 257 angles uniform on [-pi, pi], unit circle","P_X v_N(z) - u_T(z), L2 over the T horizons, quantiles over rows"
48,-1.9634954929351807,3.8337596654891968,3.6837841272354126,4.257086992263794,2.2414148092269897,6.066846942901611,4.059089866393694,86400,reported,42,5f262c4ed6762b56fd7c67fc65428e840c97f87bb8c6689097135e39944093f4,1,"Z1: 257 angles uniform on [-pi, pi], unit circle","P_X v_N(z) - u_T(z), L2 over the T horizons, quantiles over rows"
49,-1.9389517307281494,3.983699917793274,3.803517997264862,4.354309797286987,2.1692420721054075,5.832785725593569,4.09269582669975,86400,reported,42,5f262c4ed6762b56fd7c67fc65428e840c97f87bb8c6689097135e39944093f4,1,"Z1: 257 angles uniform on [-pi, pi], unit circle","P_X v_N(z) - u_T(z), L2 over the T horizons, quantiles over rows"
50,-1.9144080877304077,4.145123243331909,3.8772814869880676,4.615809202194214,2.1076159834861756,5.612939453125,4.1617396628629,86400,reported,42,5f262c4ed6762b56fd7c67fc65428e840c97f87bb8c6689097135e39944093f4,1,"Z1: 257 angles uniform on [-pi, pi], unit circle","P_X v_N(z) - u_T(z), L2 over the T horizons, quantiles over rows"
51,-1.889864444732666,4.3274006843566895,3.893800735473633,4.876813054084778,2.0741708159446715,5.7041833162307745,4.271128182795451,86400,reported,42,5f262c4ed6762b56fd7c67fc65428e840c97f87bb8c6689097135e39944093f4,1,"Z1: 257 angles uniform on [-pi, pi], unit circle","P_X v_N(z) - u_T(z), L2 over the T horizons, quantiles over rows"
52,-1.8653206825256348,4.50757360458374,3.9074498414993286,5.0965776443481445,2.061359667778015,6.068471622467041,4.419618701781664,86400,reported,42,5f262c4ed6762b56fd7c67fc65428e840c97f87bb8c6689097135e39944093f4,1,"Z1: 257 angles uniform on [-pi, pi], unit circle","P_X v_N(z) - u_T(z), L2 over the T horizons, quantiles over rows"
53,-1.840777039527893,4.67055869102478,3.9250036478042603,5.35773491859436,2.078403556346893,6.540386986732483,4.5997142398412585,86400,reported,42,5f262c4ed6762b56fd7c67fc65428e840c97f87bb8c6689097135e39944093f4,1,"Z1: 257 angles uniform on [-pi, pi], unit circle","P_X v_N(z) - u_T(z), L2 over the T horizons, quantiles over rows"
54,-1.8162332773208618,4.842211484909058,3.9587814807891846,5.652278780937195,2.096869480609894,7.099537014961243,4.800082940841438,86400,reported,42,5f262c4ed6762b56fd7c67fc65428e840c97f87bb8c6689097135e39944093f4,1,"Z1: 257 angles uniform on [-pi, pi], unit circle","P_X v_N(z) - u_T(z), L2 over the T horizons, quantiles over rows"
55,-1.7916896343231201,5.0254693031311035,4.012511134147644,5.955226898193359,2.1249183058738708,7.6593454599380495,5.008246830056111,86400,reported,42,5f262c4ed6762b56fd7c67fc65428e840c97f87bb8c6689097135e39944093f4,1,"Z1: 257 angles uniform on [-pi, pi], unit circle","P_X v_N(z) - u_T(z), L2 over the T horizons, quantiles over rows"
56,-1.7671458721160889,5.199059009552002,4.08422315120697,6.254579305648804,2.128502798080444,8.197068214416506,5.212030955303322,86400,reported,42,5f262c4ed6762b56fd7c67fc65428e840c97f87bb8c6689097135e39944093f4,1,"Z1: 257 angles uniform on [-pi, pi], unit circle","P_X v_N(z) - u_T(z), L2 over the T horizons, quantiles over rows"
57,-1.7426022291183472,5.360102891921997,4.156424164772034,6.52803635597229,2.155469608306885,8.702091360092163,5.399934835264252,86400,reported,42,5f262c4ed6762b56fd7c67fc65428e840c97f87bb8c6689097135e39944093f4,1,"Z1: 257 angles uniform on [-pi, pi], unit circle","P_X v_N(z) - u_T(z), L2 over the T horizons, quantiles over rows"
58,-1.7180585861206055,5.493764638900757,4.19346010684967,6.769078493118286,2.183996045589447,9.156941223144532,5.561238439084479,86400,reported,42,5f262c4ed6762b56fd7c67fc65428e840c97f87bb8c6689097135e39944093f4,1,"Z1: 257 angles uniform on [-pi, pi], unit circle","P_X v_N(z) - u_T(z), L2 over the T horizons, quantiles over rows"
59,-1.6935148239135742,5.584872722625732,4.187525510787964,6.963260650634766,2.211835706233978,9.538512706756592,5.686333789313557,86400,reported,42,5f262c4ed6762b56fd7c67fc65428e840c97f87bb8c6689097135e39944093f4,1,"Z1: 257 angles uniform on [-pi, pi], unit circle","P_X v_N(z) - u_T(z), L2 over the T horizons, quantiles over rows"
60,-1.6689711809158325,5.624075889587402,4.163886308670044,7.077743649482727,2.2478396892547607,9.84663200378418,5.767335869529181,86400,reported,42,5f262c4ed6762b56fd7c67fc65428e840c97f87bb8c6689097135e39944093f4,1,"Z1: 257 angles uniform on [-pi, pi], unit circle","P_X v_N(z) - u_T(z), L2 over the T horizons, quantiles over rows"
61,-1.6444274187088013,5.6096532344818115,4.122308731079102,7.110087156295776,2.286583316326141,10.070222663879395,5.798808366766682,86400,reported,42,5f262c4ed6762b56fd7c67fc65428e840c97f87bb8c6689097135e39944093f4,1,"Z1: 257 angles uniform on [-pi, pi], unit circle","P_X v_N(z) - u_T(z), L2 over the T horizons, quantiles over rows"
62,-1.6198837757110596,5.540783405303955,4.057483553886414,7.0598331689834595,2.320725178718567,10.208501672744752,5.778523306581709,86400,reported,42,5f262c4ed6762b56fd7c67fc65428e840c97f87bb8c6689097135e39944093f4,1,"Z1: 257 angles uniform on [-pi, pi], unit circle","P_X v_N(z) - u_T(z), L2 over the T horizons, quantiles over rows"
63,-1.5953400135040283,5.42790675163269,3.9788318276405334,6.932942748069763,2.332201611995697,10.243333959579468,5.707955490029245,86400,reported,42,5f262c4ed6762b56fd7c67fc65428e840c97f87bb8c6689097135e39944093f4,1,"Z1: 257 angles uniform on [-pi, pi], unit circle","P_X v_N(z) - u_T(z), L2 over the T horizons, quantiles over rows"
64,-1.5707963705062866,5.275538921356201,3.902829110622406,6.733585596084595,2.316269886493683,10.189941596984864,5.592560039330964,86400,reported,42,5f262c4ed6762b56fd7c67fc65428e840c97f87bb8c6689097135e39944093f4,1,"Z1: 257 angles uniform on [-pi, pi], unit circle","P_X v_N(z) - u_T(z), L2 over the T horizons, quantiles over rows"
65,-1.546252727508545,5.094170331954956,3.8546853065490723,6.480255722999573,2.2779991149902346,10.033396577835084,5.441794634033684,86400,reported,42,5f262c4ed6762b56fd7c67fc65428e840c97f87bb8c6689097135e39944093f4,1,"Z1: 257 angles uniform on [-pi, pi], unit circle","P_X v_N(z) - u_T(z), L2 over the T horizons, quantiles over rows"
66,-1.5217089653015137,4.899049282073975,3.8458356857299805,6.206576108932495,2.2123578071594237,9.781353139877321,5.269083250267086,86400,reported,42,5f262c4ed6762b56fd7c67fc65428e840c97f87bb8c6689097135e39944093f4,1,"Z1: 257 angles uniform on [-pi, pi], unit circle","P_X v_N(z) - u_T(z), L2 over the T horizons, quantiles over rows"
67,-1.497165322303772,4.715328931808472,3.8582319617271423,5.9422372579574585,2.1281320691108703,9.429380083084107,5.091838154731387,86400,reported,42,5f262c4ed6762b56fd7c67fc65428e840c97f87bb8c6689097135e39944093f4,1,"Z1: 257 angles uniform on [-pi, pi], unit circle","P_X v_N(z) - u_T(z), L2 over the T horizons, quantiles over rows"
68,-1.4726215600967407,4.578627586364746,3.8397135138511658,5.719417214393616,2.048502480983734,9.006532239913941,4.931276448526316,86400,reported,42,5f262c4ed6762b56fd7c67fc65428e840c97f87bb8c6689097135e39944093f4,1,"Z1: 257 angles uniform on [-pi, pi], unit circle","P_X v_N(z) - u_T(z), L2 over the T horizons, quantiles over rows"
69,-1.448077917098999,4.513490200042725,3.8136194944381714,5.589529991149902,1.9959633946418762,8.562200784683228,4.8110684486913184,86400,reported,42,5f262c4ed6762b56fd7c67fc65428e840c97f87bb8c6689097135e39944093f4,1,"Z1: 257 angles uniform on [-pi, pi], unit circle","P_X v_N(z) - u_T(z), L2 over the T horizons, quantiles over rows"
70,-1.4235341548919678,4.519810914993286,3.833072304725647,5.569209098815918,1.968456494808197,8.117144060134889,4.753777434736904,86400,reported,42,5f262c4ed6762b56fd7c67fc65428e840c97f87bb8c6689097135e39944093f4,1,"Z1: 257 angles uniform on [-pi, pi], unit circle","P_X v_N(z) - u_T(z), L2 over the T horizons, quantiles over rows"
71,-1.398990511894226,4.613214731216431,3.9371800422668457,5.649246096611023,1.9666451871395112,7.7685712575912484,4.775270713567734,86400,reported,42,5f262c4ed6762b56fd7c67fc65428e840c97f87bb8c6689097135e39944093f4,1,"Z1: 257 angles uniform on [-pi, pi], unit circle","P_X v_N(z) - u_T(z), L2 over the T horizons, quantiles over rows"
72,-1.3744468688964844,4.803819894790649,4.102298021316528,5.803363919258118,1.9979456067085266,7.618161678314212,4.879603780378346,86400,reported,42,5f262c4ed6762b56fd7c67fc65428e840c97f87bb8c6689097135e39944093f4,1,"Z1: 257 angles uniform on [-pi, pi], unit circle","P_X v_N(z) - u_T(z), L2 over the T horizons, quantiles over rows"
73,-1.3499031066894531,5.077817678451538,4.259254813194275,5.98434841632843,2.0896405935287476,7.6990580558776855,5.057833416989004,86400,reported,42,5f262c4ed6762b56fd7c67fc65428e840c97f87bb8c6689097135e39944093f4,1,"Z1: 257 angles uniform on [-pi, pi], unit circle","P_X v_N(z) - u_T(z), L2 over the T horizons, quantiles over rows"
74,-1.3253594636917114,5.404459714889526,4.3554487228393555,6.24660849571228,2.176336431503296,7.997614049911499,5.2912327425802745,86400,reported,42,5f262c4ed6762b56fd7c67fc65428e840c97f87bb8c6689097135e39944093f4,1,"Z1: 257 angles uniform on [-pi, pi], unit circle","P_X v_N(z) - u_T(z), L2 over the T horizons, quantiles over rows"
75,-1.3008158206939697,5.758868932723999,4.369320034980774,6.61066210269928,2.2663725137710573,8.453313255310059,5.556162228811946,86400,reported,42,5f262c4ed6762b56fd7c67fc65428e840c97f87bb8c6689097135e39944093f4,1,"Z1: 257 angles uniform on [-pi, pi], unit circle","P_X v_N(z) - u_T(z), L2 over the T horizons, quantiles over rows"
76,-1.2762720584869385,6.126741409301758,4.411006331443787,7.021369099617004,2.341960370540619,8.972719860076905,5.828156283670277,86400,reported,42,5f262c4ed6762b56fd7c67fc65428e840c97f87bb8c6689097135e39944093f4,1,"Z1: 257 angles uniform on [-pi, pi], unit circle","P_X v_N(z) - u_T(z), L2 over the T horizons, quantiles over rows"
77,-1.2517284154891968,6.462138891220093,4.47568953037262,7.4201918840408325,2.3415403962135315,9.482011222839356,6.084298338445801,86400,reported,42,5f262c4ed6762b56fd7c67fc65428e840c97f87bb8c6689097135e39944093f4,1,"Z1: 257 angles uniform on [-pi, pi], unit circle","P_X v_N(z) - u_T(z), L2 over the T horizons, quantiles over rows"
78,-1.2271846532821655,6.722908973693848,4.536917686462402,7.774378538131714,2.3432432413101196,9.912294673919678,6.304124044399295,86400,reported,42,5f262c4ed6762b56fd7c67fc65428e840c97f87bb8c6689097135e39944093f4,1,"Z1: 257 angles uniform on [-pi, pi], unit circle","P_X v_N(z) - u_T(z), L2 over the T horizons, quantiles over rows"
79,-1.2026410102844238,6.913822650909424,4.582589864730835,8.051398277282715,2.359628665447235,10.226952266693116,6.4697848040169035,86400,reported,42,5f262c4ed6762b56fd7c67fc65428e840c97f87bb8c6689097135e39944093f4,1,"Z1: 257 angles uniform on [-pi, pi], unit circle","P_X v_N(z) - u_T(z), L2 over the T horizons, quantiles over rows"
80,-1.1780972480773926,7.028961181640625,4.572685956954956,8.234528064727783,2.367410457134247,10.408633613586426,6.566856949072745,86400,reported,42,5f262c4ed6762b56fd7c67fc65428e840c97f87bb8c6689097135e39944093f4,1,"Z1: 257 angles uniform on [-pi, pi], unit circle","P_X v_N(z) - u_T(z), L2 over the T horizons, quantiles over rows"
81,-1.1535536050796509,7.0623815059661865,4.534689784049988,8.315632581710815,2.3679412245750426,10.457276105880737,6.585934686848411,86400,reported,42,5f262c4ed6762b56fd7c67fc65428e840c97f87bb8c6689097135e39944093f4,1,"Z1: 257 angles uniform on [-pi, pi], unit circle","P_X v_N(z) - u_T(z), L2 over the T horizons, quantiles over rows"
82,-1.1290098428726196,7.0055296421051025,4.451723575592041,8.276814460754395,2.3301726579666138,10.36015362739563,6.523793520903974,86400,reported,42,5f262c4ed6762b56fd7c67fc65428e840c97f87bb8c6689097135e39944093f4,1,"Z1: 257 angles uniform on [-pi, pi], unit circle","P_X v_N(z) - u_T(z), L2 over the T horizons, quantiles over rows"
83,-1.104466199874878,6.862710475921631,4.3387638330459595,8.124889373779297,2.21855742931366,10.115492343902588,6.383908412176426,86400,reported,42,5f262c4ed6762b56fd7c67fc65428e840c97f87bb8c6689097135e39944093f4,1,"Z1: 257 angles uniform on [-pi, pi], unit circle","P_X v_N(z) - u_T(z), L2 over the T horizons, quantiles over rows"
84,-1.0799225568771362,6.653351068496704,4.2021424770355225,7.874457359313965,2.0716394543647767,9.752464246749877,6.176719485386102,86400,reported,42,5f262c4ed6762b56fd7c67fc65428e840c97f87bb8c6689097135e39944093f4,1,"Z1: 257 angles uniform on [-pi, pi], unit circle","P_X v_N(z) - u_T(z), L2 over the T horizons, quantiles over rows"
85,-1.0553789138793945,6.395849227905273,4.043386459350586,7.542423725128174,1.9241012454032898,9.286511182785034,5.9197013195190165,86400,reported,42,5f262c4ed6762b56fd7c67fc65428e840c97f87bb8c6689097135e39944093f4,1,"Z1: 257 angles uniform on [-pi, pi], unit circle","P_X v_N(z) - u_T(z), L2 over the T horizons, quantiles over rows"
86,-1.0308351516723633,6.121822357177734,3.882707417011261,7.159741282463074,1.805855828523636,8.748787355422975,5.636978554217904,86400,reported,42,5f262c4ed6762b56fd7c67fc65428e840c97f87bb8c6689097135e39944093f4,1,"Z1: 257 angles uniform on [-pi, pi], unit circle","P_X v_N(z) - u_T(z), L2 over the T horizons, quantiles over rows"
87,-1.006291389465332,5.856563568115234,3.7362309098243713,6.772100210189819,1.7492739498615264,8.209727382659914,5.357887984448009,86400,reported,42,5f262c4ed6762b56fd7c67fc65428e840c97f87bb8c6689097135e39944093f4,1,"Z1: 257 angles uniform on [-pi, pi], unit circle","P_X v_N(z) - u_T(z), L2 over the T horizons, quantiles over rows"
88,-0.9817478060722351,5.6436872482299805,3.624371290206909,6.420389533042908,1.7015417456626891,7.699260735511783,5.114441763517205,86400,reported,42,5f262c4ed6762b56fd7c67fc65428e840c97f87bb8c6689097135e39944093f4,1,"Z1: 257 angles uniform on [-pi, pi], unit circle","P_X v_N(z) - u_T(z), L2 over the T horizons, quantiles over rows"
89,-0.9572041034698486,5.511685848236084,3.5597702264785767,6.1585599184036255,1.671947818994522,7.295224714279175,4.937216028076493,86400,reported,42,5f262c4ed6762b56fd7c67fc65428e840c97f87bb8c6689097135e39944093f4,1,"Z1: 257 angles uniform on [-pi, pi], unit circle","P_X v_N(z) - u_T(z), L2 over the T horizons, quantiles over rows"
90,-0.9326603412628174,5.467033863067627,3.540541350841522,6.046134114265442,1.6243900299072265,7.067323493957519,4.84944210227234,86400,reported,42,5f262c4ed6762b56fd7c67fc65428e840c97f87bb8c6689097135e39944093f4,1,"Z1: 257 angles uniform on [-pi, pi], unit circle","P_X v_N(z) - u_T(z), L2 over the T horizons, quantiles over rows"
91,-0.9081166982650757,5.503077745437622,3.5405483841896057,6.111962795257568,1.54996617436409,7.0858042478561405,4.860732179194413,86400,reported,42,5f262c4ed6762b56fd7c67fc65428e840c97f87bb8c6689097135e39944093f4,1,"Z1: 257 angles uniform on [-pi, pi], unit circle","P_X v_N(z) - u_T(z), L2 over the T horizons, quantiles over rows"
92,-0.8835729360580444,5.634346961975098,3.557758629322052,6.332430124282837,1.5099855065345764,7.281949424743653,4.963702247221437,86400,reported,42,5f262c4ed6762b56fd7c67fc65428e840c97f87bb8c6689097135e39944093f4,1,"Z1: 257 angles uniform on [-pi, pi], unit circle","P_X v_N(z) - u_T(z), L2 over the T horizons, quantiles over rows"
93,-0.8590293526649475,5.865997791290283,3.5774675011634827,6.653337478637695,1.5155251026153564,7.579374837875367,5.135773090682924,86400,reported,42,5f262c4ed6762b56fd7c67fc65428e840c97f87bb8c6689097135e39944093f4,1,"Z1: 257 angles uniform on [-pi, pi], unit circle","P_X v_N(z) - u_T(z), L2 over the T horizons, quantiles over rows"
94,-0.834485650062561,6.177640438079834,3.6097384095191956,7.020411968231201,1.5496632933616639,7.923374748229981,5.344877274292348,86400,reported,42,5f262c4ed6762b56fd7c67fc65428e840c97f87bb8c6689097135e39944093f4,1,"Z1: 257 angles uniform on [-pi, pi], unit circle","P_X v_N(z) - u_T(z), L2 over the T horizons, quantiles over rows"
95,-0.8099419474601746,6.500870704650879,3.649687707424164,7.388604521751404,1.5950051486492156,8.259311532974243,5.5558541773342425,86400,reported,42,5f262c4ed6762b56fd7c67fc65428e840c97f87bb8c6689097135e39944093f4,1,"Z1: 257 angles uniform on [-pi, pi], unit circle","P_X v_N(z) - u_T(z), L2 over the T horizons, quantiles over rows"
96,-0.7853981852531433,6.773635149002075,3.6556679010391235,7.71617579460144,1.6129197478294373,8.537288141250611,5.736327062009109,86400,reported,42,5f262c4ed6762b56fd7c67fc65428e840c97f87bb8c6689097135e39944093f4,1,"Z1: 257 angles uniform on [-pi, pi], unit circle","P_X v_N(z) - u_T(z), L2 over the T horizons, quantiles over rows"
97,-0.7608544826507568,6.936260223388672,3.630410134792328,7.9585795402526855,1.5970843434333801,8.747411012649536,5.860910834667307,86400,reported,42,5f262c4ed6762b56fd7c67fc65428e840c97f87bb8c6689097135e39944093f4,1,"Z1: 257 angles uniform on [-pi, pi], unit circle","P_X v_N(z) - u_T(z), L2 over the T horizons, quantiles over rows"
98,-0.7363107800483704,6.974136114120483,3.5783565044403076,8.096302270889282,1.553542560338974,8.86787452697754,5.9129470853286765,86400,reported,42,5f262c4ed6762b56fd7c67fc65428e840c97f87bb8c6689097135e39944093f4,1,"Z1: 257 angles uniform on [-pi, pi], unit circle","P_X v_N(z) - u_T(z), L2 over the T horizons, quantiles over rows"
99,-0.7117671370506287,6.907385349273682,3.491325557231903,8.121965646743774,1.460158884525299,8.889477729797363,5.884587899027737,86400,reported,42,5f262c4ed6762b56fd7c67fc65428e840c97f87bb8c6689097135e39944093f4,1,"Z1: 257 angles uniform on [-pi, pi], unit circle","P_X v_N(z) - u_T(z), L2 over the T horizons, quantiles over rows"
100,-0.6872234344482422,6.736639022827148,3.3752893805503845,8.037502765655518,1.3413737058639525,8.811154794692994,5.776287775127976,86400,reported,42,5f262c4ed6762b56fd7c67fc65428e840c97f87bb8c6689097135e39944093f4,1,"Z1: 257 angles uniform on [-pi, pi], unit circle","P_X v_N(z) - u_T(z), L2 over the T horizons, quantiles over rows"
101,-0.6626797318458557,6.481265306472778,3.2333343029022217,7.840217113494873,1.2344920456409454,8.632689189910888,5.596088689763651,86400,reported,42,5f262c4ed6762b56fd7c67fc65428e840c97f87bb8c6689097135e39944093f4,1,"Z1: 257 angles uniform on [-pi, pi], unit circle","P_X v_N(z) - u_T(z), L2 over the T horizons, quantiles over rows"
102,-0.6381360292434692,6.158101558685303,3.0734742283821106,7.5385825634002686,1.184931653738022,8.353298664093018,5.358427247695487,86400,reported,42,5f262c4ed6762b56fd7c67fc65428e840c97f87bb8c6689097135e39944093f4,1,"Z1: 257 angles uniform on [-pi, pi], unit circle","P_X v_N(z) - u_T(z), L2 over the T horizons, quantiles over rows"
103,-0.6135923266410828,5.795986890792847,2.8998610973358154,7.153755307197571,1.2048496186733246,7.983869409561158,5.082345610694201,86400,reported,42,5f262c4ed6762b56fd7c67fc65428e840c97f87bb8c6689097135e39944093f4,1,"Z1: 257 angles uniform on [-pi, pi], unit circle","P_X v_N(z) - u_T(z), L2 over the T horizons, quantiles over rows"
104,-0.5890486240386963,5.429799795150757,2.7548621892929077,6.710418343544006,1.258421677350998,7.5479257106781015,4.789839355962144,86400,reported,42,5f262c4ed6762b56fd7c67fc65428e840c97f87bb8c6689097135e39944093f4,1,"Z1: 257 angles uniform on [-pi, pi], unit circle","P_X v_N(z) - u_T(z), L2 over the T horizons, quantiles over rows"
105,-0.564504861831665,5.092548847198486,2.617585778236389,6.241495966911316,1.3073246002197265,7.080907011032105,4.504450576083942,86400,reported,42,5f262c4ed6762b56fd7c67fc65428e840c97f87bb8c6689097135e39944093f4,1,"Z1: 257 angles uniform on [-pi, pi], unit circle","P_X v_N(z) - u_T(z), L2 over the T horizons, quantiles over rows"
106,-0.5399612784385681,4.82099461555481,2.5051584243774414,5.808309316635132,1.327158659696579,6.617526245117189,4.249203930713788,86400,reported,42,5f262c4ed6762b56fd7c67fc65428e840c97f87bb8c6689097135e39944093f4,1,"Z1: 257 angles uniform on [-pi, pi], unit circle","P_X v_N(z) - u_T(z), L2 over the T horizons, quantiles over rows"
107,-0.5154175758361816,4.564023971557617,2.4483835101127625,5.4686644077301025,1.3097604095935822,6.224780488014221,4.04343547253697,86400,reported,42,5f262c4ed6762b56fd7c67fc65428e840c97f87bb8c6689097135e39944093f4,1,"Z1: 257 angles uniform on [-pi, pi], unit circle","P_X v_N(z) - u_T(z), L2 over the T horizons, quantiles over rows"
108,-0.49087387323379517,4.2654643058776855,2.452552020549774,5.244699478149414,1.2564769089221954,6.050418066978454,3.8990631572833214,86400,reported,42,5f262c4ed6762b56fd7c67fc65428e840c97f87bb8c6689097135e39944093f4,1,"Z1: 257 angles uniform on [-pi, pi], unit circle","P_X v_N(z) - u_T(z), L2 over the T horizons, quantiles over rows"
109,-0.4663301706314087,3.9968717098236084,2.472053587436676,5.093581914901733,1.1895585119724275,6.068521499633789,3.8181905495175332,86400,reported,42,5f262c4ed6762b56fd7c67fc65428e840c97f87bb8c6689097135e39944093f4,1,"Z1: 257 angles uniform on [-pi, pi], unit circle","P_X v_N(z) - u_T(z), L2 over the T horizons, quantiles over rows"
110,-0.4417864680290222,3.846686601638794,2.4934422969818115,5.026294708251953,1.1169735074043274,6.225458383560181,3.7935063793261845,86400,reported,42,5f262c4ed6762b56fd7c67fc65428e840c97f87bb8c6689097135e39944093f4,1,"Z1: 257 angles uniform on [-pi, pi], unit circle","P_X v_N(z) - u_T(z), L2 over the T horizons, quantiles over rows"
111,-0.41724279522895813,3.792261838912964,2.494866728782654,5.063058257102966,1.044605737924576,6.457477974891662,3.810700243487954,86400,reported,42,5f262c4ed6762b56fd7c67fc65428e840c97f87bb8c6689097135e39944093f4,1,"Z1: 257 angles uniform on [-pi, pi], unit circle","P_X v_N(z) - u_T(z), L2 over the T horizons, quantiles over rows"
112,-0.39269912242889404,3.76783287525177,2.4791000485420227,5.176781415939331,0.9924367517232895,6.716284203529358,3.851403549691593,86400,reported,42,5f262c4ed6762b56fd7c67fc65428e840c97f87bb8c6689097135e39944093f4,1,"Z1: 257 angles uniform on [-pi, pi], unit circle","P_X v_N(z) - u_T(z), L2 over the T horizons, quantiles over rows"
113,-0.3681553900241852,3.757325530052185,2.4401809573173523,5.304019927978516,0.9603773802518845,6.951124477386475,3.8965663378002744,86400,reported,42,5f262c4ed6762b56fd7c67fc65428e840c97f87bb8c6689097135e39944093f4,1,"Z1: 257 angles uniform on [-pi, pi], unit circle","P_X v_N(z) - u_T(z), L2 over the T horizons, quantiles over rows"
114,-0.3436117172241211,3.750342011451721,2.385124623775482,5.3980923891067505,0.9641346395015716,7.115772986412049,3.9297309083553653,86400,reported,42,5f262c4ed6762b56fd7c67fc65428e840c97f87bb8c6689097135e39944093f4,1,"Z1: 257 angles uniform on [-pi, pi], unit circle","P_X v_N(z) - u_T(z), L2 over the T horizons, quantiles over rows"
115,-0.319068044424057,3.736249566078186,2.312018096446991,5.434754967689514,1.0272359490394591,7.187523770332336,3.937932151099667,86400,reported,42,5f262c4ed6762b56fd7c67fc65428e840c97f87bb8c6689097135e39944093f4,1,"Z1: 257 angles uniform on [-pi, pi], unit circle","P_X v_N(z) - u_T(z), L2 over the T horizons, quantiles over rows"
116,-0.29452431201934814,3.70313036441803,2.2224113941192627,5.400271058082581,1.1235422909259796,7.152980184555054,3.9113433665568356,86400,reported,42,5f262c4ed6762b56fd7c67fc65428e840c97f87bb8c6689097135e39944093f4,1,"Z1: 257 angles uniform on [-pi, pi], unit circle","P_X v_N(z) - u_T(z), L2 over the T horizons, quantiles over rows"
117,-0.26998063921928406,3.652616500854492,2.1414473056793213,5.286485075950623,1.202056449651718,7.006479859352112,3.844272219940882,86400,reported,42,5f262c4ed6762b56fd7c67fc65428e840c97f87bb8c6689097135e39944093f4,1,"Z1: 257 angles uniform on [-pi, pi], unit circle","P_X v_N(z) - u_T(z), L2 over the T horizons, quantiles over rows"
118,-0.24543693661689758,3.567129969596863,2.1261038780212402,5.0934906005859375,1.243792712688446,6.7538086652755736,3.7358526264541543,86400,reported,42,5f262c4ed6762b56fd7c67fc65428e840c97f87bb8c6689097135e39944093f4,1,"Z1: 257 angles uniform on [-pi, pi], unit circle","P_X v_N(z) - u_T(z), L2 over the T horizons, quantiles over rows"
119,-0.2208932340145111,3.4434897899627686,2.135140359401703,4.8328739404678345,1.247322577238083,6.404267621040345,3.589403805301904,86400,reported,42,5f262c4ed6762b56fd7c67fc65428e840c97f87bb8c6689097135e39944093f4,1,"Z1: 257 angles uniform on [-pi, pi], unit circle","P_X v_N(z) - u_T(z), L2 over the T horizons, quantiles over rows"
120,-0.19634956121444702,3.2911707162857056,2.1394291520118713,4.511550426483154,1.2270084202289582,5.970060825347901,3.4112486662194823,86400,reported,42,5f262c4ed6762b56fd7c67fc65428e840c97f87bb8c6689097135e39944093f4,1,"Z1: 257 angles uniform on [-pi, pi], unit circle","P_X v_N(z) - u_T(z), L2 over the T horizons, quantiles over rows"
121,-0.17180585861206055,3.12701153755188,2.133194148540497,4.144866704940796,1.1954016268253327,5.466596841812135,3.209507220621324,86400,reported,42,5f262c4ed6762b56fd7c67fc65428e840c97f87bb8c6689097135e39944093f4,1,"Z1: 257 angles uniform on [-pi, pi], unit circle","P_X v_N(z) - u_T(z), L2 over the T horizons, quantiles over rows"
122,-0.14726214110851288,2.9572919607162476,2.106397032737732,3.7627885341644287,1.1621688842773437,4.919247817993164,2.993300060329407,86400,reported,42,5f262c4ed6762b56fd7c67fc65428e840c97f87bb8c6689097135e39944093f4,1,"Z1: 257 angles uniform on [-pi, pi], unit circle","P_X v_N(z) - u_T(z), L2 over the T horizons, quantiles over rows"
123,-0.1227184608578682,2.791187882423401,2.051584482192993,3.401040196418762,1.1395443975925446,4.350495958328247,2.772597287019922,86400,reported,42,5f262c4ed6762b56fd7c67fc65428e840c97f87bb8c6689097135e39944093f4,1,"Z1: 257 angles uniform on [-pi, pi], unit circle","P_X v_N(z) - u_T(z), L2 over the T horizons, quantiles over rows"
124,-0.09817477315664291,2.619541883468628,1.9919504225254059,3.069339394569397,1.1261563777923584,3.808669495582581,2.5588282578359185,86400,reported,42,5f262c4ed6762b56fd7c67fc65428e840c97f87bb8c6689097135e39944093f4,1,"Z1: 257 angles uniform on [-pi, pi], unit circle","P_X v_N(z) - u_T(z), L2 over the T horizons, quantiles over rows"
125,-0.07363108545541763,2.444222927093506,1.926518976688385,2.776721477508545,1.11813423037529,3.367400622367859,2.3656869859786496,86400,reported,42,5f262c4ed6762b56fd7c67fc65428e840c97f87bb8c6689097135e39944093f4,1,"Z1: 257 angles uniform on [-pi, pi], unit circle","P_X v_N(z) - u_T(z), L2 over the T horizons, quantiles over rows"
126,-0.04908738657832146,2.2692233324050903,1.872881144285202,2.5359111428260803,1.1144159317016602,3.1280552029609683,2.208373274768668,86400,reported,42,5f262c4ed6762b56fd7c67fc65428e840c97f87bb8c6689097135e39944093f4,1,"Z1: 257 angles uniform on [-pi, pi], unit circle","P_X v_N(z) - u_T(z), L2 over the T horizons, quantiles over rows"
127,-0.02454369142651558,2.13822865486145,1.836787760257721,2.3344979882240295,1.108963131904602,3.023811709880829,2.1020519414802807,86400,reported,42,5f262c4ed6762b56fd7c67fc65428e840c97f87bb8c6689097135e39944093f4,1,"Z1: 257 angles uniform on [-pi, pi], unit circle","P_X v_N(z) - u_T(z), L2 over the T horizons, quantiles over rows"
128,0.0,2.095463275909424,1.8107896447181702,2.217957615852356,1.1049499452114104,3.001517486572266,2.0598530915641673,86400,reported,42,5f262c4ed6762b56fd7c67fc65428e840c97f87bb8c6689097135e39944093f4,1,"Z1: 257 angles uniform on [-pi, pi], unit circle","P_X v_N(z) - u_T(z), L2 over the T horizons, quantiles over rows"
129,0.02454369142651558,2.1356712579727173,1.811236023902893,2.300080180168152,1.0891905784606934,3.0606812000274664,2.0878341468489143,86400,reported,42,5f262c4ed6762b56fd7c67fc65428e840c97f87bb8c6689097135e39944093f4,1,"Z1: 257 angles uniform on [-pi, pi], unit circle","P_X v_N(z) - u_T(z), L2 over the T horizons, quantiles over rows"
130,0.04908738657832146,2.2639063596725464,1.8408752083778381,2.463255286216736,1.0675626695156097,3.1684710383415227,2.1812287691128613,86400,reported,42,5f262c4ed6762b56fd7c67fc65428e840c97f87bb8c6689097135e39944093f4,1,"Z1: 257 angles uniform on [-pi, pi], unit circle","P_X v_N(z) - u_T(z), L2 over the T horizons, quantiles over rows"
131,0.07363108545541763,2.45396089553833,1.895306408405304,2.707825541496277,1.0550978660583497,3.3167334437370304,2.3276377793487715,86400,reported,42,5f262c4ed6762b56fd7c67fc65428e840c97f87bb8c6689097135e39944093f4,1,"Z1: 257 angles uniform on [-pi, pi], unit circle","P_X v_N(z) - u_T(z), L2 over the T horizons, quantiles over rows"
132,0.09817477315664291,2.6728090047836304,1.968772292137146,3.007286548614502,1.0693855464458466,3.6060091257095337,2.512631367507425,86400,reported,42,5f262c4ed6762b56fd7c67fc65428e840c97f87bb8c6689097135e39944093f4,1,"Z1: 257 angles uniform on [-pi, pi], unit circle","P_X v_N(z) - u_T(z), L2 over the T horizons, quantiles over rows"
133,0.1227184608578682,2.896051526069641,2.0485522150993347,3.327560842037201,1.1225631713867188,4.0187153816223145,2.7219157921536654,86400,reported,42,5f262c4ed6762b56fd7c67fc65428e840c97f87bb8c6689097135e39944093f4,1,"Z1: 257 angles uniform on [-pi, pi], unit circle","P_X v_N(z) - u_T(z), L2 over the T horizons, quantiles over rows"
134,0.14726214110851288,3.102331757545471,2.128509759902954,3.6569036841392517,1.187916499376297,4.490649700164795,2.9415019511738447,86400,reported,42,5f262c4ed6762b56fd7c67fc65428e840c97f87bb8c6689097135e39944093f4,1,"Z1: 257 angles uniform on [-pi, pi], unit circle","P_X v_N(z) - u_T(z), L2 over the T horizons, quantiles over rows"
135,0.17180585861206055,3.2806589603424072,2.195202887058258,3.9883806705474854,1.2568583846092225,4.9691877365112305,3.158124265499344,86400,reported,42,5f262c4ed6762b56fd7c67fc65428e840c97f87bb8c6689097135e39944093f4,1,"Z1: 257 angles uniform on [-pi, pi], unit circle","P_X v_N(z) - u_T(z), L2 over the T horizons, quantiles over rows"
136,0.19634956121444702,3.4615843296051025,2.2622169256210327,4.304561138153076,1.3143042623996735,5.417250680923462,3.359593111694687,86400,reported,42,5f262c4ed6762b56fd7c67fc65428e840c97f87bb8c6689097135e39944093f4,1,"Z1: 257 angles uniform on [-pi, pi], unit circle","P_X v_N(z) - u_T(z), L2 over the T horizons, quantiles over rows"
137,0.2208932340145111,3.643757462501526,2.28598952293396,4.586974620819092,1.3402294576168061,5.81155128479004,3.5350594501728536,86400,reported,42,5f262c4ed6762b56fd7c67fc65428e840c97f87bb8c6689097135e39944093f4,1,"Z1: 257 angles uniform on [-pi, pi], unit circle","P_X v_N(z) - u_T(z), L2 over the T horizons, quantiles over rows"
138,0.24543693661689758,3.7778384685516357,2.2604944705963135,4.819685339927673,1.3278675556182862,6.141000938415528,3.6754807547190125,86400,reported,42,5f262c4ed6762b56fd7c67fc65428e840c97f87bb8c6689097135e39944093f4,1,"Z1: 257 angles uniform on [-pi, pi], unit circle","P_X v_N(z) - u_T(z), L2 over the T horizons, quantiles over rows"
139,0.26998063921928406,3.874745011329651,2.243167519569397,4.996224403381348,1.2667961895465851,6.394636654853821,3.7744690837141954,86400,reported,42,5f262c4ed6762b56fd7c67fc65428e840c97f87bb8c6689097135e39944093f4,1,"Z1: 257 angles uniform on [-pi, pi], unit circle","P_X v_N(z) - u_T(z), L2 over the T horizons, quantiles over rows"
140,0.29452431201934814,3.9305639266967773,2.294096529483795,5.106465697288513,1.1590164124965667,6.560586023330688,3.8293788846740844,86400,reported,42,5f262c4ed6762b56fd7c67fc65428e840c97f87bb8c6689097135e39944093f4,1,"Z1: 257 angles uniform on [-pi, pi], unit circle","P_X v_N(z) - u_T(z), L2 over the T horizons, quantiles over rows"
141,0.319068044424057,3.93790340423584,2.342670977115631,5.155248999595642,1.028864425420761,6.63781831264496,3.842384867426008,86400,reported,42,5f262c4ed6762b56fd7c67fc65428e840c97f87bb8c6689097135e39944093f4,1,"Z1: 257 angles uniform on [-pi, pi], unit circle","P_X v_N(z) - u_T(z), L2 over the T horizons, quantiles over rows"
142,0.3436117172241211,3.918699622154236,2.3714054226875305,5.144852876663208,0.9153550058603287,6.649058079719544,3.8214252605675547,86400,reported,42,5f262c4ed6762b56fd7c67fc65428e840c97f87bb8c6689097135e39944093f4,1,"Z1: 257 angles uniform on [-pi, pi], unit circle","P_X v_N(z) - u_T(z), L2 over the T horizons, quantiles over rows"
143,0.3681553900241852,3.876020073890686,2.3660624027252197,5.088772654533386,0.851763379573822,6.597322821617127,3.7801071626679215,86400,reported,42,5f262c4ed6762b56fd7c67fc65428e840c97f87bb8c6689097135e39944093f4,1,"Z1: 257 angles uniform on [-pi, pi], unit circle","P_X v_N(z) - u_T(z), L2 over the T horizons, quantiles over rows"
144,0.39269912242889404,3.834170937538147,2.3348731994628906,5.014217734336853,0.8844188153743744,6.495470309257508,3.735584314097133,86400,reported,42,5f262c4ed6762b56fd7c67fc65428e840c97f87bb8c6689097135e39944093f4,1,"Z1: 257 angles uniform on [-pi, pi], unit circle","P_X v_N(z) - u_T(z), L2 over the T horizons, quantiles over rows"
145,0.41724279522895813,3.8330918550491333,2.292593538761139,4.949007511138916,0.9607348501682281,6.364617657661438,3.7063920183162447,86400,reported,42,5f262c4ed6762b56fd7c67fc65428e840c97f87bb8c6689097135e39944093f4,1,"Z1: 257 angles uniform on [-pi, pi], unit circle","P_X v_N(z) - u_T(z), L2 over the T horizons, quantiles over rows"
146,0.4417864680290222,3.891568899154663,2.2628979682922363,4.954466819763184,1.0546092867851258,6.227129530906677,3.7114596303876626,86400,reported,42,5f262c4ed6762b56fd7c67fc65428e840c97f87bb8c6689097135e39944093f4,1,"Z1: 257 angles uniform on [-pi, pi], unit circle","P_X v_N(z) - u_T(z), L2 over the T horizons, quantiles over rows"
147,0.4663301706314087,4.033106327056885,2.2573506236076355,5.035003662109375,1.1462900698184968,6.117410492897034,3.7672143773437927,86400,reported,42,5f262c4ed6762b56fd7c67fc65428e840c97f87bb8c6689097135e39944093f4,1,"Z1: 257 angles uniform on [-pi, pi], unit circle","P_X v_N(z) - u_T(z), L2 over the T horizons, quantiles over rows"
148,0.49087387323379517,4.328143835067749,2.2768861651420593,5.188852429389954,1.229689359664917,6.097402977943421,3.884144367052725,86400,reported,42,5f262c4ed6762b56fd7c67fc65428e840c97f87bb8c6689097135e39944093f4,1,"Z1: 257 angles uniform on [-pi, pi], unit circle","P_X v_N(z) - u_T(z), L2 over the T horizons, quantiles over rows"
149,0.5154175758361816,4.689320802688599,2.3784862756729126,5.433538198471069,1.2932158529758453,6.2378950357437155,4.064347670074828,86400,reported,42,5f262c4ed6762b56fd7c67fc65428e840c97f87bb8c6689097135e39944093f4,1,"Z1: 257 angles uniform on [-pi, pi], unit circle","P_X v_N(z) - u_T(z), L2 over the T horizons, quantiles over rows"
150,0.5399612784385681,4.946116209030151,2.5482765436172485,5.793715953826904,1.3375499069690704,6.604492783546448,4.300140348574216,86400,reported,42,5f262c4ed6762b56fd7c67fc65428e840c97f87bb8c6689097135e39944093f4,1,"Z1: 257 angles uniform on [-pi, pi], unit circle","P_X v_N(z) - u_T(z), L2 over the T horizons, quantiles over rows"
151,0.564504861831665,5.215181827545166,2.7506341338157654,6.265516757965088,1.3635965704917907,7.0689157247543335,4.57526941075921,86400,reported,42,5f262c4ed6762b56fd7c67fc65428e840c97f87bb8c6689097135e39944093f4,1,"Z1: 257 angles uniform on [-pi, pi], unit circle","P_X v_N(z) - u_T(z), L2 over the T horizons, quantiles over rows"
152,0.5890486240386963,5.516073226928711,2.941305637359619,6.756972432136536,1.3880691647529602,7.545974755287171,4.868367812362396,86400,reported,42,5f262c4ed6762b56fd7c67fc65428e840c97f87bb8c6689097135e39944093f4,1,"Z1: 257 angles uniform on [-pi, pi], unit circle","P_X v_N(z) - u_T(z), L2 over the T horizons, quantiles over rows"
153,0.6135923266410828,5.839123249053955,3.110663414001465,7.201029658317566,1.4241704523563385,7.99406373500824,5.156366580805431,86400,reported,42,5f262c4ed6762b56fd7c67fc65428e840c97f87bb8c6689097135e39944093f4,1,"Z1: 257 angles uniform on [-pi, pi], unit circle","P_X v_N(z) - u_T(z), L2 over the T horizons, quantiles over rows"
154,0.6381360292434692,6.152491331100464,3.251965820789337,7.57230269908905,1.4818060755729676,8.379739665985108,5.4169233291547885,86400,reported,42,5f262c4ed6762b56fd7c67fc65428e840c97f87bb8c6689097135e39944093f4,1,"Z1: 257 angles uniform on [-pi, pi], unit circle","P_X v_N(z) - u_T(z), L2 over the T horizons, quantiles over rows"
155,0.6626797318458557,6.4346022605896,3.372387945652008,7.854481935501099,1.5633176147937775,8.673820304870606,5.630087906011829,86400,reported,42,5f262c4ed6762b56fd7c67fc65428e840c97f87bb8c6689097135e39944093f4,1,"Z1: 257 angles uniform on [-pi, pi], unit circle","P_X v_N(z) - u_T(z), L2 over the T horizons, quantiles over rows"
156,0.6872234344482422,6.646673202514648,3.459210157394409,8.028700828552246,1.648544144630432,8.849318838119506,5.779531482885833,86400,reported,42,5f262c4ed6762b56fd7c67fc65428e840c97f87bb8c6689097135e39944093f4,1,"Z1: 257 angles uniform on [-pi, pi], unit circle","P_X v_N(z) - u_T(z), L2 over the T horizons, quantiles over rows"
157,0.7117671370506287,6.764516353607178,3.50156968832016,8.090157985687256,1.7262200832366943,8.902919244766236,5.85376514400321,86400,reported,42,5f262c4ed6762b56fd7c67fc65428e840c97f87bb8c6689097135e39944093f4,1,"Z1: 257 angles uniform on [-pi, pi], unit circle","P_X v_N(z) - u_T(z), L2 over the T horizons, quantiles over rows"
158,0.7363107800483704,6.772854566574097,3.520950675010681,8.030700206756592,1.7757007360458374,8.833222723007204,5.847331697119883,86400,reported,42,5f262c4ed6762b56fd7c67fc65428e840c97f87bb8c6689097135e39944093f4,1,"Z1: 257 angles uniform on [-pi, pi], unit circle","P_X v_N(z) - u_T(z), L2 over the T horizons, quantiles over rows"
159,0.7608544826507568,6.669065237045288,3.5159780383110046,7.852271199226379,1.791218775510788,8.651940441131591,5.7618231188974995,86400,reported,42,5f262c4ed6762b56fd7c67fc65428e840c97f87bb8c6689097135e39944093f4,1,"Z1: 257 angles uniform on [-pi, pi], unit circle","P_X v_N(z) - u_T(z), L2 over the T horizons, quantiles over rows"
160,0.7853981852531433,6.4744884967803955,3.50343781709671,7.557334780693054,1.7639747440814972,8.378164434432984,5.606791384638184,86400,reported,42,5f262c4ed6762b56fd7c67fc65428e840c97f87bb8c6689097135e39944093f4,1,"Z1: 257 angles uniform on [-pi, pi], unit circle","P_X v_N(z) - u_T(z), L2 over the T horizons, quantiles over rows"
161,0.8099419474601746,6.202699184417725,3.491219460964203,7.178926348686218,1.6778318464756012,8.068388986587525,5.400465024306818,86400,reported,42,5f262c4ed6762b56fd7c67fc65428e840c97f87bb8c6689097135e39944093f4,1,"Z1: 257 angles uniform on [-pi, pi], unit circle","P_X v_N(z) - u_T(z), L2 over the T horizons, quantiles over rows"
162,0.834485650062561,5.891041040420532,3.490001380443573,6.75275444984436,1.585512489080429,7.75431444644928,5.169586431700046,86400,reported,42,5f262c4ed6762b56fd7c67fc65428e840c97f87bb8c6689097135e39944093f4,1,"Z1: 257 angles uniform on [-pi, pi], unit circle","P_X v_N(z) - u_T(z), L2 over the T horizons, quantiles over rows"
163,0.8590293526649475,5.5779502391815186,3.503407895565033,6.316234707832336,1.5179617702960968,7.432679843902588,4.947292035629076,86400,reported,42,5f262c4ed6762b56fd7c67fc65428e840c97f87bb8c6689097135e39944093f4,1,"Z1: 257 angles uniform on [-pi, pi], unit circle","P_X v_N(z) - u_T(z), L2 over the T horizons, quantiles over rows"
164,0.8835729360580444,5.321054697036743,3.5262835025787354,5.939730763435364,1.4884858131408691,7.165534973144531,4.769291475232414,86400,reported,42,5f262c4ed6762b56fd7c67fc65428e840c97f87bb8c6689097135e39944093f4,1,"Z1: 257 angles uniform on [-pi, pi], unit circle","P_X v_N(z) - u_T(z), L2 over the T horizons, quantiles over rows"
165,0.9081166982650757,5.141547203063965,3.565426826477051,5.7016565799713135,1.4884521186351776,6.980852389335633,4.669305846311014,86400,reported,42,5f262c4ed6762b56fd7c67fc65428e840c97f87bb8c6689097135e39944093f4,1,"Z1: 257 angles uniform on [-pi, pi], unit circle","P_X v_N(z) - u_T(z), L2 over the T horizons, quantiles over rows"
166,0.9326603412628174,5.091292858123779,3.6278905868530273,5.648061394691467,1.5627879619598388,7.012487888336182,4.672299478287222,86400,reported,42,5f262c4ed6762b56fd7c67fc65428e840c97f87bb8c6689097135e39944093f4,1,"Z1: 257 angles uniform on [-pi, pi], unit circle","P_X v_N(z) - u_T(z), L2 over the T horizons, quantiles over rows"
167,0.9572041034698486,5.1700522899627686,3.686840832233429,5.78613543510437,1.651550328731537,7.221773719787598,4.786073294264713,86400,reported,42,5f262c4ed6762b56fd7c67fc65428e840c97f87bb8c6689097135e39944093f4,1,"Z1: 257 angles uniform on [-pi, pi], unit circle","P_X v_N(z) - u_T(z), L2 over the T horizons, quantiles over rows"
168,0.9817478060722351,5.378227949142456,3.769885241985321,6.0636643171310425,1.7189055442810057,7.612106680870057,4.997397886889262,86400,reported,42,5f262c4ed6762b56fd7c67fc65428e840c97f87bb8c6689097135e39944093f4,1,"Z1: 257 angles uniform on [-pi, pi], unit circle","P_X v_N(z) - u_T(z), L2 over the T horizons, quantiles over rows"
169,1.006291389465332,5.677180290222168,3.8610039353370667,6.4176411628723145,1.843241238594055,8.137971925735474,5.27665474795012,86400,reported,42,5f262c4ed6762b56fd7c67fc65428e840c97f87bb8c6689097135e39944093f4,1,"Z1: 257 angles uniform on [-pi, pi], unit circle","P_X v_N(z) - u_T(z), L2 over the T horizons, quantiles over rows"
170,1.0308351516723633,6.012772798538208,3.942063271999359,6.813654184341431,1.991908073425293,8.727345752716065,5.587064843077075,86400,reported,42,5f262c4ed6762b56fd7c67fc65428e840c97f87bb8c6689097135e39944093f4,1,"Z1: 257 angles uniform on [-pi, pi], unit circle","P_X v_N(z) - u_T(z), L2 over the T horizons, quantiles over rows"
171,1.0553789138793945,6.342418670654297,4.051651835441589,7.206992149353027,2.1425837516784667,9.282802104949953,5.89259199841017,86400,reported,42,5f262c4ed6762b56fd7c67fc65428e840c97f87bb8c6689097135e39944093f4,1,"Z1: 257 angles uniform on [-pi, pi], unit circle","P_X v_N(z) - u_T(z), L2 over the T horizons, quantiles over rows"
172,1.0799225568771362,6.638234376907349,4.149669766426086,7.554290175437927,2.2978260040283205,9.76797833442688,6.162506858691297,86400,reported,42,5f262c4ed6762b56fd7c67fc65428e840c97f87bb8c6689097135e39944093f4,1,"Z1: 257 angles uniform on [-pi, pi], unit circle","P_X v_N(z) - u_T(z), L2 over the T horizons, quantiles over rows"
173,1.104466199874878,6.868533134460449,4.233009934425354,7.827475547790527,2.431641697883606,10.176910972595216,6.373203492468154,86400,reported,42,5f262c4ed6762b56fd7c67fc65428e840c97f87bb8c6689097135e39944093f4,1,"Z1: 257 angles uniform on [-pi, pi], unit circle","P_X v_N(z) - u_T(z), L2 over the T horizons, quantiles over rows"
174,1.1290098428726196,7.014296770095825,4.277012586593628,8.004160404205322,2.5217313170433044,10.45981478691101,6.50858183182776,86400,reported,42,5f262c4ed6762b56fd7c67fc65428e840c97f87bb8c6689097135e39944093f4,1,"Z1: 257 angles uniform on [-pi, pi], unit circle","P_X v_N(z) - u_T(z), L2 over the T horizons, quantiles over rows"
175,1.1535536050796509,7.065579652786255,4.2949607372283936,8.06796407699585,2.5536134958267214,10.605996274948122,6.559759297580631,86400,reported,42,5f262c4ed6762b56fd7c67fc65428e840c97f87bb8c6689097135e39944093f4,1,"Z1: 257 angles uniform on [-pi, pi], unit circle","P_X v_N(z) - u_T(z), L2 over the T horizons, quantiles over rows"
176,1.1780972480773926,7.012586355209351,4.269405722618103,8.024720191955566,2.5225693702697756,10.59273796081543,6.52474592961095,86400,reported,42,5f262c4ed6762b56fd7c67fc65428e840c97f87bb8c6689097135e39944093f4,1,"Z1: 257 angles uniform on [-pi, pi], unit circle","P_X v_N(z) - u_T(z), L2 over the T horizons, quantiles over rows"
177,1.2026410102844238,6.859682083129883,4.218878269195557,7.868804574012756,2.431821417808533,10.413430070877075,6.408206679088374,86400,reported,42,5f262c4ed6762b56fd7c67fc65428e840c97f87bb8c6689097135e39944093f4,1,"Z1: 257 angles uniform on [-pi, pi], unit circle","P_X v_N(z) - u_T(z), L2 over the T horizons, quantiles over rows"
178,1.2271846532821655,6.621280193328857,4.148880958557129,7.624979734420776,2.3310222387313844,10.106240987777712,6.22127776587037,86400,reported,42,5f262c4ed6762b56fd7c67fc65428e840c97f87bb8c6689097135e39944093f4,1,"Z1: 257 angles uniform on [-pi, pi], unit circle","P_X v_N(z) - u_T(z), L2 over the T horizons, quantiles over rows"
179,1.2517284154891968,6.310547828674316,4.086336612701416,7.309483051300049,2.256234180927277,9.663162660598756,5.981008792122205,86400,reported,42,5f262c4ed6762b56fd7c67fc65428e840c97f87bb8c6689097135e39944093f4,1,"Z1: 257 angles uniform on [-pi, pi], unit circle","P_X v_N(z) - u_T(z), L2 over the T horizons, quantiles over rows"
180,1.2762720584869385,5.948070764541626,4.016935467720032,6.948622345924377,2.2077556371688845,9.13726453781128,5.708790670129712,86400,reported,42,5f262c4ed6762b56fd7c67fc65428e840c97f87bb8c6689097135e39944093f4,1,"Z1: 257 angles uniform on [-pi, pi], unit circle","P_X v_N(z) - u_T(z), L2 over the T horizons, quantiles over rows"
181,1.3008158206939697,5.57941198348999,3.966194212436676,6.586008906364441,2.1373841762542725,8.597594261169434,5.4281110370462695,86400,reported,42,5f262c4ed6762b56fd7c67fc65428e840c97f87bb8c6689097135e39944093f4,1,"Z1: 257 angles uniform on [-pi, pi], unit circle","P_X v_N(z) - u_T(z), L2 over the T horizons, quantiles over rows"
182,1.3253594636917114,5.2221291065216064,3.927867889404297,6.28937041759491,2.0484413266181947,8.101677894592285,5.163098143995912,86400,reported,42,5f262c4ed6762b56fd7c67fc65428e840c97f87bb8c6689097135e39944093f4,1,"Z1: 257 angles uniform on [-pi, pi], unit circle","P_X v_N(z) - u_T(z), L2 over the T horizons, quantiles over rows"
183,1.3499031066894531,4.876478433609009,3.9478710293769836,6.082792520523071,1.9514986157417298,7.76118257045746,4.9377881168201565,86400,reported,42,5f262c4ed6762b56fd7c67fc65428e840c97f87bb8c6689097135e39944093f4,1,"Z1: 257 angles uniform on [-pi, pi], unit circle","P_X v_N(z) - u_T(z), L2 over the T horizons, quantiles over rows"
184,1.3744468688964844,4.5910022258758545,3.8258184790611267,5.905003786087036,1.9000551760196687,7.659916400909424,4.774428176388007,86400,reported,42,5f262c4ed6762b56fd7c67fc65428e840c97f87bb8c6689097135e39944093f4,1,"Z1: 257 angles uniform on [-pi, pi], unit circle","P_X v_N(z) - u_T(z), L2 over the T horizons, quantiles over rows"
185,1.398990511894226,4.370982885360718,3.6890540719032288,5.818606376647949,1.8772741734981537,7.815399718284609,4.689880734865588,86400,reported,42,5f262c4ed6762b56fd7c67fc65428e840c97f87bb8c6689097135e39944093f4,1,"Z1: 257 angles uniform on [-pi, pi], unit circle","P_X v_N(z) - u_T(z), L2 over the T horizons, quantiles over rows"
186,1.4235341548919678,4.267785310745239,3.5981054306030273,5.83513617515564,1.8613263547420502,8.142479276657104,4.691073117938444,86400,reported,42,5f262c4ed6762b56fd7c67fc65428e840c97f87bb8c6689097135e39944093f4,1,"Z1: 257 angles uniform on [-pi, pi], unit circle","P_X v_N(z) - u_T(z), L2 over the T horizons, quantiles over rows"
187,1.448077917098999,4.265656232833862,3.570253074169159,5.935530304908752,1.8678975224494934,8.538997650146486,4.77189653818875,86400,reported,42,5f262c4ed6762b56fd7c67fc65428e840c97f87bb8c6689097135e39944093f4,1,"Z1: 257 angles uniform on [-pi, pi], unit circle","P_X v_N(z) - u_T(z), L2 over the T horizons, quantiles over rows"
188,1.4726215600967407,4.3431172370910645,3.599163830280304,6.126356840133667,1.9198917388916015,8.997976303100586,4.914152662334619,86400,reported,42,5f262c4ed6762b56fd7c67fc65428e840c97f87bb8c6689097135e39944093f4,1,"Z1: 257 angles uniform on [-pi, pi], unit circle","P_X v_N(z) - u_T(z), L2 over the T horizons, quantiles over rows"
189,1.497165322303772,4.472738742828369,3.664746403694153,6.380619645118713,2.002464699745178,9.439443016052248,5.092630536957747,86400,reported,42,5f262c4ed6762b56fd7c67fc65428e840c97f87bb8c6689097135e39944093f4,1,"Z1: 257 angles uniform on [-pi, pi], unit circle","P_X v_N(z) - u_T(z), L2 over the T horizons, quantiles over rows"
190,1.5217089653015137,4.639871835708618,3.753225028514862,6.661903500556946,2.098474681377411,9.80897397994995,5.281339829242616,86400,reported,42,5f262c4ed6762b56fd7c67fc65428e840c97f87bb8c6689097135e39944093f4,1,"Z1: 257 angles uniform on [-pi, pi], unit circle","P_X v_N(z) - u_T(z), L2 over the T horizons, quantiles over rows"
191,1.546252727508545,4.822277784347534,3.8494929671287537,6.929738521575928,2.1850191354751587,10.097229146957398,5.457781813387518,86400,reported,42,5f262c4ed6762b56fd7c67fc65428e840c97f87bb8c6689097135e39944093f4,1,"Z1: 257 angles uniform on [-pi, pi], unit circle","P_X v_N(z) - u_T(z), L2 over the T horizons, quantiles over rows"
192,1.5707963705062866,4.995530366897583,3.9298782348632812,7.161330223083496,2.2400413393974303,10.287270641326904,5.604604369513691,86400,reported,42,5f262c4ed6762b56fd7c67fc65428e840c97f87bb8c6689097135e39944093f4,1,"Z1: 257 angles uniform on [-pi, pi], unit circle","P_X v_N(z) - u_T(z), L2 over the T horizons, quantiles over rows"
193,1.5953400135040283,5.150357723236084,3.9833717346191406,7.331751108169556,2.2629719614982604,10.378665018081666,5.709678766574297,86400,reported,42,5f262c4ed6762b56fd7c67fc65428e840c97f87bb8c6689097135e39944093f4,1,"Z1: 257 angles uniform on [-pi, pi], unit circle","P_X v_N(z) - u_T(z), L2 over the T horizons, quantiles over rows"
194,1.6198837757110596,5.269036293029785,4.008973002433777,7.436408519744873,2.2597838640213013,10.368205451965332,5.7656012062286885,86400,reported,42,5f262c4ed6762b56fd7c67fc65428e840c97f87bb8c6689097135e39944093f4,1,"Z1: 257 angles uniform on [-pi, pi], unit circle","P_X v_N(z) - u_T(z), L2 over the T horizons, quantiles over rows"
195,1.6444274187088013,5.343853235244751,3.990162491798401,7.4345221519470215,2.225139307975769,10.248082780838015,5.769088763416641,86400,reported,42,5f262c4ed6762b56fd7c67fc65428e840c97f87bb8c6689097135e39944093f4,1,"Z1: 257 angles uniform on [-pi, pi], unit circle","P_X v_N(z) - u_T(z), L2 over the T horizons, quantiles over rows"
196,1.6689711809158325,5.3685526847839355,3.9575257897377014,7.332454323768616,2.165624225139618,10.035356521606445,5.720433550732279,86400,reported,42,5f262c4ed6762b56fd7c67fc65428e840c97f87bb8c6689097135e39944093f4,1,"Z1: 257 angles uniform on [-pi, pi], unit circle","P_X v_N(z) - u_T(z), L2 over the T horizons, quantiles over rows"
197,1.6935148239135742,5.33884334564209,3.9297505617141724,7.142554402351379,2.089611458778381,9.724919605255128,5.622933462481532,86400,reported,42,5f262c4ed6762b56fd7c67fc65428e840c97f87bb8c6689097135e39944093f4,1,"Z1: 257 angles uniform on [-pi, pi], unit circle","P_X v_N(z) - u_T(z), L2 over the T horizons, quantiles over rows"
198,1.7180585861206055,5.2557666301727295,3.9220287799835205,6.893845200538635,2.0064653396606444,9.334558391571045,5.482292113472466,86400,reported,42,5f262c4ed6762b56fd7c67fc65428e840c97f87bb8c6689097135e39944093f4,1,"Z1: 257 angles uniform on [-pi, pi], unit circle","P_X v_N(z) - u_T(z), L2 over the T horizons, quantiles over rows"
199,1.7426022291183472,5.123580455780029,3.9398754239082336,6.58909273147583,1.9165340185165405,8.850795030593872,5.305901769859095,86400,reported,42,5f262c4ed6762b56fd7c67fc65428e840c97f87bb8c6689097135e39944093f4,1,"Z1: 257 angles uniform on [-pi, pi], unit circle","P_X v_N(z) - u_T(z), L2 over the T horizons, quantiles over rows"
200,1.7671458721160889,4.956157684326172,3.969127058982849,6.234355211257935,1.845034098625183,8.29755792617798,5.102305432011684,86400,reported,42,5f262c4ed6762b56fd7c67fc65428e840c97f87bb8c6689097135e39944093f4,1,"Z1: 257 angles uniform on [-pi, pi], unit circle","P_X v_N(z) - u_T(z), L2 over the T horizons, quantiles over rows"
201,1.7916896343231201,4.770470380783081,4.002841472625732,5.864882469177246,1.7798219263553618,7.69531900882721,4.880861673117788,86400,reported,42,5f262c4ed6762b56fd7c67fc65428e840c97f87bb8c6689097135e39944093f4,1,"Z1: 257 angles uniform on [-pi, pi], unit circle","P_X v_N(z) - u_T(z), L2 over the T horizons, quantiles over rows"
202,1.8162332773208618,4.565016031265259,3.9900087118148804,5.511451244354248,1.7399833858013152,7.052550506591797,4.651643215510305,86400,reported,42,5f262c4ed6762b56fd7c67fc65428e840c97f87bb8c6689097135e39944093f4,1,"Z1: 257 angles uniform on [-pi, pi], unit circle","P_X v_N(z) - u_T(z), L2 over the T horizons, quantiles over rows"
203,1.840777039527893,4.373948097229004,3.887048602104187,5.184908628463745,1.7565954744815826,6.430138325691224,4.425452384384418,86400,reported,42,5f262c4ed6762b56fd7c67fc65428e840c97f87bb8c6689097135e39944093f4,1,"Z1: 257 angles uniform on [-pi, pi], unit circle","P_X v_N(z) - u_T(z), L2 over the T horizons, quantiles over rows"
204,1.8653206825256348,4.183706760406494,3.753076195716858,4.901285529136658,1.803346222639084,5.902689456939697,4.2137090277878775,86400,reported,42,5f262c4ed6762b56fd7c67fc65428e840c97f87bb8c6689097135e39944093f4,1,"Z1: 257 angles uniform on [-pi, pi], unit circle","P_X v_N(z) - u_T(z), L2 over the T horizons, quantiles over rows"
205,1.889864444732666,3.993558168411255,3.5968875885009766,4.591192603111267,1.874781960248947,5.462456750869751,4.027757950147821,86400,reported,42,5f262c4ed6762b56fd7c67fc65428e840c97f87bb8c6689097135e39944093f4,1,"Z1: 257 angles uniform on [-pi, pi], unit circle","P_X v_N(z) - u_T(z), L2 over the T horizons, quantiles over rows"
206,1.9144080877304077,3.7971030473709106,3.449054181575775,4.268759727478027,1.97696550488472,5.498969531059267,3.877256390766965,86400,reported,42,5f262c4ed6762b56fd7c67fc65428e840c97f87bb8c6689097135e39944093f4,1,"Z1: 257 angles uniform on [-pi, pi], unit circle","P_X v_N(z) - u_T(z), L2 over the T horizons, quantiles over rows"
207,1.9389517307281494,3.60969340801239,3.312285304069519,3.9595760703086853,2.0933785438537598,5.758365631103517,3.768306603423423,86400,reported,42,5f262c4ed6762b56fd7c67fc65428e840c97f87bb8c6689097135e39944093f4,1,"Z1: 257 angles uniform on [-pi, pi], unit circle","P_X v_N(z) - u_T(z), L2 over the T horizons, quantiles over rows"
208,1.9634954929351807,3.4078606367111206,3.151956260204315,3.9411742091178894,2.202605891227722,5.989549279212952,3.702867456800132,86400,reported,42,5f262c4ed6762b56fd7c67fc65428e840c97f87bb8c6689097135e39944093f4,1,"Z1: 257 angles uniform on [-pi, pi], unit circle","P_X v_N(z) - u_T(z), L2 over the T horizons, quantiles over rows"
209,1.9880391359329224,3.2218669652938843,3.008103132247925,4.129545569419861,2.294902741909027,6.186807107925416,3.6790318127211044,86400,reported,42,5f262c4ed6762b56fd7c67fc65428e840c97f87bb8c6689097135e39944093f4,1,"Z1: 257 angles uniform on [-pi, pi], unit circle","P_X v_N(z) - u_T(z), L2 over the T horizons, quantiles over rows"
210,2.012582778930664,3.125489592552185,2.8990966081619263,4.333402395248413,2.321604061126709,6.320018243789673,3.6906883785225175,86400,reported,42,5f262c4ed6762b56fd7c67fc65428e840c97f87bb8c6689097135e39944093f4,1,"Z1: 257 angles uniform on [-pi, pi], unit circle","P_X v_N(z) - u_T(z), L2 over the T horizons, quantiles over rows"
211,2.0371265411376953,3.1511716842651367,2.817553997039795,4.503788709640503,2.2932843804359435,6.391267704963686,3.726741574212081,86400,reported,42,5f262c4ed6762b56fd7c67fc65428e840c97f87bb8c6689097135e39944093f4,1,"Z1: 257 angles uniform on [-pi, pi], unit circle","P_X v_N(z) - u_T(z), L2 over the T horizons, quantiles over rows"
212,2.0616703033447266,3.2343826293945312,2.7629628777503967,4.640439987182617,2.3058966636657714,6.407052373886108,3.772260501521329,86400,reported,42,5f262c4ed6762b56fd7c67fc65428e840c97f87bb8c6689097135e39944093f4,1,"Z1: 257 angles uniform on [-pi, pi], unit circle","P_X v_N(z) - u_T(z), L2 over the T horizons, quantiles over rows"
213,2.0862138271331787,3.347610116004944,2.738266706466675,4.744296193122864,2.294962477684021,6.379369711875916,3.8121157029685047,86400,reported,42,5f262c4ed6762b56fd7c67fc65428e840c97f87bb8c6689097135e39944093f4,1,"Z1: 257 angles uniform on [-pi, pi], unit circle","P_X v_N(z) - u_T(z), L2 over the T horizons, quantiles over rows"
214,2.11075758934021,3.458436369895935,2.7257503867149353,4.81332004070282,2.251824748516083,6.325070071220399,3.834530235844906,86400,reported,42,5f262c4ed6762b56fd7c67fc65428e840c97f87bb8c6689097135e39944093f4,1,"Z1: 257 angles uniform on [-pi, pi], unit circle","P_X v_N(z) - u_T(z), L2 over the T horizons, quantiles over rows"
215,2.135301351547241,3.5477839708328247,2.6976389288902283,4.846724152565002,2.200108289718628,6.253908705711365,3.8328713152688687,86400,reported,42,5f262c4ed6762b56fd7c67fc65428e840c97f87bb8c6689097135e39944093f4,1,"Z1: 257 angles uniform on [-pi, pi], unit circle","P_X v_N(z) - u_T(z), L2 over the T horizons, quantiles over rows"
216,2.1598451137542725,3.5924044847488403,2.6561397314071655,4.837721228599548,2.162030482292175,6.220143747329712,3.806064270136671,86400,reported,42,5f262c4ed6762b56fd7c67fc65428e840c97f87bb8c6689097135e39944093f4,1,"Z1: 257 angles uniform on [-pi, pi], unit circle","P_X v_N(z) - u_T(z), L2 over the T horizons, quantiles over rows"
217,2.1843886375427246,3.542414665222168,2.602942645549774,4.766318440437317,2.100347328186035,6.242369675636292,3.7583628643255818,86400,reported,42,5f262c4ed6762b56fd7c67fc65428e840c97f87bb8c6689097135e39944093f4,1,"Z1: 257 angles uniform on [-pi, pi], unit circle","P_X v_N(z) - u_T(z), L2 over the T horizons, quantiles over rows"
218,2.208932399749756,3.3820271492004395,2.557304859161377,4.6522674560546875,2.0690963983535764,6.293610262870788,3.698838211272464,86400,reported,42,5f262c4ed6762b56fd7c67fc65428e840c97f87bb8c6689097135e39944093f4,1,"Z1: 257 angles uniform on [-pi, pi], unit circle","P_X v_N(z) - u_T(z), L2 over the T horizons, quantiles over rows"
219,2.233476161956787,3.16140079498291,2.5514623522758484,4.582964062690735,2.041403317451477,6.36051414012909,3.640588468972042,86400,reported,42,5f262c4ed6762b56fd7c67fc65428e840c97f87bb8c6689097135e39944093f4,1,"Z1: 257 angles uniform on [-pi, pi], unit circle","P_X v_N(z) - u_T(z), L2 over the T horizons, quantiles over rows"
220,2.2580196857452393,2.981146216392517,2.5859187841415405,4.559341311454773,2.030938172340393,6.438603687286377,3.5997274609903496,86400,reported,42,5f262c4ed6762b56fd7c67fc65428e840c97f87bb8c6689097135e39944093f4,1,"Z1: 257 angles uniform on [-pi, pi], unit circle","P_X v_N(z) - u_T(z), L2 over the T horizons, quantiles over rows"
221,2.2825634479522705,2.922162652015686,2.5800049901008606,4.557484030723572,2.0562705039978026,6.5015952587127686,3.5938604162661014,86400,reported,42,5f262c4ed6762b56fd7c67fc65428e840c97f87bb8c6689097135e39944093f4,1,"Z1: 257 angles uniform on [-pi, pi], unit circle","P_X v_N(z) - u_T(z), L2 over the T horizons, quantiles over rows"
222,2.3071072101593018,3.0553741455078125,2.575089454650879,4.558690905570984,2.075525999069214,6.541059374809266,3.638793520852923,86400,reported,42,5f262c4ed6762b56fd7c67fc65428e840c97f87bb8c6689097135e39944093f4,1,"Z1: 257 angles uniform on [-pi, pi], unit circle","P_X v_N(z) - u_T(z), L2 over the T horizons, quantiles over rows"
223,2.331650972366333,3.268312931060791,2.7072991132736206,4.5693875551223755,2.1874939680099486,6.53401951789856,3.74084796336376,86400,reported,42,5f262c4ed6762b56fd7c67fc65428e840c97f87bb8c6689097135e39944093f4,1,"Z1: 257 angles uniform on [-pi, pi], unit circle","P_X v_N(z) - u_T(z), L2 over the T horizons, quantiles over rows"
224,2.356194496154785,3.5092498064041138,2.9608227610588074,4.584684371948242,2.350930166244507,6.477318048477174,3.889598314944241,86400,reported,42,5f262c4ed6762b56fd7c67fc65428e840c97f87bb8c6689097135e39944093f4,1,"Z1: 257 angles uniform on [-pi, pi], unit circle","P_X v_N(z) - u_T(z), L2 over the T horizons, quantiles over rows"
225,2.3807382583618164,3.7597585916519165,3.2915005683898926,4.6141966581344604,2.4844075441360474,6.369862580299378,4.062830210363975,86400,reported,42,5f262c4ed6762b56fd7c67fc65428e840c97f87bb8c6689097135e39944093f4,1,"Z1: 257 angles uniform on [-pi, pi], unit circle","P_X v_N(z) - u_T(z), L2 over the T horizons, quantiles over rows"
226,2.4052820205688477,4.019418716430664,3.619398057460785,4.753276824951172,2.608733820915222,6.230135750770569,4.237640712240504,86400,reported,42,5f262c4ed6762b56fd7c67fc65428e840c97f87bb8c6689097135e39944093f4,1,"Z1: 257 angles uniform on [-pi, pi], unit circle","P_X v_N(z) - u_T(z), L2 over the T horizons, quantiles over rows"
227,2.4298255443573,4.284787178039551,3.903620421886444,4.956165909767151,2.6990095019340514,6.0742709875106815,4.395984018017296,86400,reported,42,5f262c4ed6762b56fd7c67fc65428e840c97f87bb8c6689097135e39944093f4,1,"Z1: 257 angles uniform on [-pi, pi], unit circle","P_X v_N(z) - u_T(z), L2 over the T horizons, quantiles over rows"
228,2.45436954498291,4.49198579788208,4.11924421787262,5.108155965805054,2.7574489593505858,5.917826676368714,4.525423703208841,86400,reported,42,5f262c4ed6762b56fd7c67fc65428e840c97f87bb8c6689097135e39944093f4,1,"Z1: 257 angles uniform on [-pi, pi], unit circle","P_X v_N(z) - u_T(z), L2 over the T horizons, quantiles over rows"
229,2.4789130687713623,4.623061656951904,4.2586915493011475,5.215664386749268,2.768959403038025,5.890959453582764,4.6184729316678865,86400,reported,42,5f262c4ed6762b56fd7c67fc65428e840c97f87bb8c6689097135e39944093f4,1,"Z1: 257 angles uniform on [-pi, pi], unit circle","P_X v_N(z) - u_T(z), L2 over the T horizons, quantiles over rows"
230,2.5034570693969727,4.6911351680755615,4.320577621459961,5.2663174867630005,2.7580049157142636,5.999596643447876,4.671830079907345,86400,reported,42,5f262c4ed6762b56fd7c67fc65428e840c97f87bb8c6689097135e39944093f4,1,"Z1: 257 angles uniform on [-pi, pi], unit circle","P_X v_N(z) - u_T(z), L2 over the T horizons, quantiles over rows"
231,2.5280003547668457,4.709759712219238,4.315778970718384,5.281201958656311,2.7128561973571776,6.115259957313538,4.685535283806147,86400,reported,42,5f262c4ed6762b56fd7c67fc65428e840c97f87bb8c6689097135e39944093f4,1,"Z1: 257 angles uniform on [-pi, pi], unit circle","P_X v_N(z) - u_T(z), L2 over the T horizons, quantiles over rows"
232,2.552544116973877,4.6853859424591064,4.262593030929565,5.270167708396912,2.620785140991211,6.1828007936477665,4.66216944831113,86400,reported,42,5f262c4ed6762b56fd7c67fc65428e840c97f87bb8c6689097135e39944093f4,1,"Z1: 257 angles uniform on [-pi, pi], unit circle","P_X v_N(z) - u_T(z), L2 over the T horizons, quantiles over rows"
233,2.577087879180908,4.633333683013916,4.178965330123901,5.2274558544158936,2.501537787914276,6.192308330535889,4.606060431672743,86400,reported,42,5f262c4ed6762b56fd7c67fc65428e840c97f87bb8c6689097135e39944093f4,1,"Z1: 257 angles uniform on [-pi, pi], unit circle","P_X v_N(z) - u_T(z), L2 over the T horizons, quantiles over rows"
234,2.6016314029693604,4.553762435913086,4.070284366607666,5.144786238670349,2.3862109541893,6.137369227409363,4.5226003010571,86400,reported,42,5f262c4ed6762b56fd7c67fc65428e840c97f87bb8c6689097135e39944093f4,1,"Z1: 257 angles uniform on [-pi, pi], unit circle","P_X v_N(z) - u_T(z), L2 over the T horizons, quantiles over rows"
235,2.6261754035949707,4.451213836669922,3.9563562273979187,5.033594012260437,2.3034443259239197,6.0337350368499765,4.417649527026548,86400,reported,42,5f262c4ed6762b56fd7c67fc65428e840c97f87bb8c6689097135e39944093f4,1,"Z1: 257 angles uniform on [-pi, pi], unit circle","P_X v_N(z) - u_T(z), L2 over the T horizons, quantiles over rows"
236,2.650718927383423,4.327482223510742,3.83490389585495,4.901485919952393,2.258031415939331,5.905919194221497,4.297189706268686,86400,reported,42,5f262c4ed6762b56fd7c67fc65428e840c97f87bb8c6689097135e39944093f4,1,"Z1: 257 angles uniform on [-pi, pi], unit circle","P_X v_N(z) - u_T(z), L2 over the T horizons, quantiles over rows"
237,2.675262451171875,4.192260980606079,3.6977901458740234,4.7532020807266235,2.239097571372986,5.763496923446655,4.167217410328211,86400,reported,42,5f262c4ed6762b56fd7c67fc65428e840c97f87bb8c6689097135e39944093f4,1,"Z1: 257 angles uniform on [-pi, pi], unit circle","P_X v_N(z) - u_T(z), L2 over the T horizons, quantiles over rows"
238,2.6998062133789062,4.057714939117432,3.526931941509247,4.600369453430176,2.219052588939667,5.630576825141907,4.034058176314941,86400,reported,42,5f262c4ed6762b56fd7c67fc65428e840c97f87bb8c6689097135e39944093f4,1,"Z1: 257 angles uniform on [-pi, pi], unit circle","P_X v_N(z) - u_T(z), L2 over the T horizons, quantiles over rows"
239,2.7243499755859375,3.932749390602112,3.345130503177643,4.441161632537842,2.2033290028572083,5.518651580810547,3.905090122320862,86400,reported,42,5f262c4ed6762b56fd7c67fc65428e840c97f87bb8c6689097135e39944093f4,1,"Z1: 257 angles uniform on [-pi, pi], unit circle","P_X v_N(z) - u_T(z), L2 over the T horizons, quantiles over rows"
240,2.7488937377929688,3.8182724714279175,3.1919955015182495,4.292052268981934,2.181161379814148,5.451222133636475,3.7895862006092513,86400,reported,42,5f262c4ed6762b56fd7c67fc65428e840c97f87bb8c6689097135e39944093f4,1,"Z1: 257 angles uniform on [-pi, pi], unit circle","P_X v_N(z) - u_T(z), L2 over the T horizons, quantiles over rows"
241,2.773437261581421,3.7166935205459595,3.0965710878372192,4.169206023216248,2.148450458049774,5.38898401260376,3.698576776038993,86400,reported,42,5f262c4ed6762b56fd7c67fc65428e840c97f87bb8c6689097135e39944093f4,1,"Z1: 257 angles uniform on [-pi, pi], unit circle","P_X v_N(z) - u_T(z), L2 over the T horizons, quantiles over rows"
242,2.797981023788452,3.6378170251846313,3.09382826089859,4.0907652378082275,2.1090664863586426,5.318343162536621,3.6421868499299443,86400,reported,42,5f262c4ed6762b56fd7c67fc65428e840c97f87bb8c6689097135e39944093f4,1,"Z1: 257 angles uniform on [-pi, pi], unit circle","P_X v_N(z) - u_T(z), L2 over the T horizons, quantiles over rows"
243,2.8225247859954834,3.590033531188965,3.1911615133285522,4.070664167404175,2.0593905091285705,5.222459149360657,3.6256446040000903,86400,reported,42,5f262c4ed6762b56fd7c67fc65428e840c97f87bb8c6689097135e39944093f4,1,"Z1: 257 angles uniform on [-pi, pi], unit circle","P_X v_N(z) - u_T(z), L2 over the T horizons, quantiles over rows"
244,2.8470683097839355,3.618736505508423,3.25030654668808,4.1184751987457275,2.006631004810333,5.120509719848633,3.648525186147265,86400,reported,42,5f262c4ed6762b56fd7c67fc65428e840c97f87bb8c6689097135e39944093f4,1,"Z1: 257 angles uniform on [-pi, pi], unit circle","P_X v_N(z) - u_T(z), L2 over the T horizons, quantiles over rows"
245,2.871612071990967,3.6944520473480225,3.2648289799690247,4.264776825904846,1.9621058166027068,5.095881605148316,3.7073245213698183,86400,reported,42,5f262c4ed6762b56fd7c67fc65428e840c97f87bb8c6689097135e39944093f4,1,"Z1: 257 angles uniform on [-pi, pi], unit circle","P_X v_N(z) - u_T(z), L2 over the T horizons, quantiles over rows"
246,2.896155834197998,3.77125084400177,3.2670838236808777,4.462811231613159,1.9201241612434388,5.2328071117401125,3.797869218725849,86400,reported,42,5f262c4ed6762b56fd7c67fc65428e840c97f87bb8c6689097135e39944093f4,1,"Z1: 257 angles uniform on [-pi, pi], unit circle","P_X v_N(z) - u_T(z), L2 over the T horizons, quantiles over rows"
247,2.9206995964050293,3.85038161277771,3.2814565896987915,4.682606935501099,1.9582889795303344,5.533968973159791,3.916095816815893,86400,reported,42,5f262c4ed6762b56fd7c67fc65428e840c97f87bb8c6689097135e39944093f4,1,"Z1: 257 angles uniform on [-pi, pi], unit circle","P_X v_N(z) - u_T(z), L2 over the T horizons, quantiles over rows"
248,2.9452431201934814,3.947904109954834,3.3166014552116394,4.903706908226013,1.991656345129013,5.967397165298462,4.057693209474976,86400,reported,42,5f262c4ed6762b56fd7c67fc65428e840c97f87bb8c6689097135e39944093f4,1,"Z1: 257 angles uniform on [-pi, pi], unit circle","P_X v_N(z) - u_T(z), L2 over the T horizons, quantiles over rows"
249,2.9697868824005127,4.074948072433472,3.383022427558899,5.115839719772339,2.00233598947525,6.424049234390259,4.217138126684284,86400,reported,42,5f262c4ed6762b56fd7c67fc65428e840c97f87bb8c6689097135e39944093f4,1,"Z1: 257 angles uniform on [-pi, pi], unit circle","P_X v_N(z) - u_T(z), L2 over the T horizons, quantiles over rows"
250,2.994330644607544,4.2199928760528564,3.4746092557907104,5.333920955657959,2.0107900381088255,6.835629010200502,4.386815735043061,86400,reported,42,5f262c4ed6762b56fd7c67fc65428e840c97f87bb8c6689097135e39944093f4,1,"Z1: 257 angles uniform on [-pi, pi], unit circle","P_X v_N(z) - u_T(z), L2 over the T horizons, quantiles over rows"
251,3.018874168395996,4.376873016357422,3.579656660556793,5.553219556808472,2.01476331949234,7.196402287483216,4.556900667730995,86400,reported,42,5f262c4ed6762b56fd7c67fc65428e840c97f87bb8c6689097135e39944093f4,1,"Z1: 257 angles uniform on [-pi, pi], unit circle","P_X v_N(z) - u_T(z), L2 over the T horizons, quantiles over rows"
252,3.0434179306030273,4.541585206985474,3.6910775303840637,5.751343607902527,2.040932023525238,7.461435604095461,4.716161205038015,86400,reported,42,5f262c4ed6762b56fd7c67fc65428e840c97f87bb8c6689097135e39944093f4,1,"Z1: 257 angles uniform on [-pi, pi], unit circle","P_X v_N(z) - u_T(z), L2 over the T horizons, quantiles over rows"
253,3.0679616928100586,4.700389385223389,3.798762261867523,5.908509373664856,2.0504602193832397,7.642524790763855,4.853225292531015,86400,reported,42,5f262c4ed6762b56fd7c67fc65428e840c97f87bb8c6689097135e39944093f4,1,"Z1: 257 angles uniform on [-pi, pi], unit circle","P_X v_N(z) - u_T(z), L2 over the T horizons, quantiles over rows"
254,3.09250545501709,4.8248960971832275,3.890011489391327,6.017943382263184,2.0392765283584593,7.756877231597901,4.957865136712099,86400,reported,42,5f262c4ed6762b56fd7c67fc65428e840c97f87bb8c6689097135e39944093f4,1,"Z1: 257 angles uniform on [-pi, pi], unit circle","P_X v_N(z) - u_T(z), L2 over the T horizons, quantiles over rows"
255,3.117048978805542,4.905586004257202,3.9691314697265625,6.071371555328369,2.0358741402626035,7.7823140859603885,5.022057719160975,86400,reported,42,5f262c4ed6762b56fd7c67fc65428e840c97f87bb8c6689097135e39944093f4,1,"Z1: 257 angles uniform on [-pi, pi], unit circle","P_X v_N(z) - u_T(z), L2 over the T horizons, quantiles over rows"
256,-3.1415927410125732,4.939492464065552,4.026161789894104,6.064534068107605,2.0239401817321774,7.750548791885377,5.040691020238317,86400,reported,42,5f262c4ed6762b56fd7c67fc65428e840c97f87bb8c6689097135e39944093f4,1,"Z1: 257 angles uniform on [-pi, pi], unit circle","P_X v_N(z) - u_T(z), L2 over the T horizons, quantiles over rows"
